confirm_question,,Matinee,would,you,like,to,see,it
,O,O,O,O,O,O,O,O
inform,,Young,Messiah
,O,O,O
inform,,please
,O,O
inform,1,adult,please
,B-numberofpeople,O,O
inform,1,tickets,please
,B-numberofpeople,O,O
inform,19101
,O
inform,2,adult,please
,B-numberofpeople,O,O
inform,2,tickets,please
,B-numberofpeople,O,O
inform,3d
,B-video_format
inform,4,adult,please
,B-numberofpeople,O,O
inform,4,pm
,B-numberofpeople,I-starttime
inform,4,tickets,please
,B-numberofpeople,O,O
inform,4:50,pm
,B-starttime,I-starttime
inform,5,adult,please
,B-numberofpeople,O,O
inform,5,tickets,please
,B-numberofpeople,O,O
inform,7:15,pm
,B-starttime,I-starttime
inform,7pm
,B-starttime
inform,8:00,soonest,showing
,B-starttime,O,O
inform,94952
,O
request+ticket,Can,I,buy,tickets,for,The,big,short,at,seattle
,O,O,O,O,O,B-moviename,I-moviename,I-moviename,O,B-city
request,Can,I,buy,tickets,for,big,short,at,seattle
,O,O,O,O,O,B-moviename,I-moviename,O,B-city
request,Can,I,buy,tickets,for,deadpool,at,birmingham
,O,O,O,O,O,B-moviename,O,B-city
request,Can,I,buy,tickets,for,deadpool,at,seattle
,O,O,O,O,O,B-moviename,O,B-city
request+ticket,Can,I,buy,tickets,for,hail,caesar,at,seattle
,O,O,O,O,O,B-moviename,I-moviename,O,B-city
request,Can,I,buy,tickets,for,london,had,fallen,at,birmingham
,O,O,O,O,O,B-moviename,I-moviename,I-moviename,O,B-city
request,Can,I,buy,tickets,for,race,at,seattle
,O,O,O,O,O,B-moviename,O,B-city
request,Can,I,buy,tickets,for,risen,at,seattle
,O,O,O,O,O,B-moviename,O,B-city
request+ticket,Can,I,buy,tickets,for,room,at,seattle
,O,O,O,O,O,O,O,B-city
request,Can,I,buy,tickets,for,spotlight,at,seattle
,O,O,O,O,O,B-moviename,O,B-city
request+ticket,Can,I,buy,tickets,for,the,big,short,at,seattle
,O,O,O,O,O,B-moviename,I-moviename,I-moviename,O,B-city
request,Can,I,buy,tickets,for,the,witch,at,seattle
,O,O,O,O,O,B-moviename,I-moviename,O,B-city
request+ticket,Can,I,buy,tickets,for,triple,9,at,seattle
,O,O,O,O,O,B-moviename,I-moviename,O,B-city
request,Can,I,buy,tickets,for,zoolander,2,at,seattle
,O,O,O,O,O,B-moviename,I-moviename,O,B-city
request,Can,I,buy,tickets,for,zootopia,at,birmingham
,O,O,O,O,O,B-moviename,O,B-city
request,Can,I,buy,tickets,for,zootopia,at,seattle
,O,O,O,O,O,B-moviename,O,B-city
inform,Can,I,get,1,tickets
,O,O,O,B-numberofpeople,O
request,Can,I,get,1,tickets,for,deadpool
,O,O,O,B-numberofpeople,O,O,B-moviename
request,Can,I,get,1,tickets,for,zootopia
,O,O,O,B-numberofpeople,O,O,B-moviename
inform,Can,I,get,2,tickets
,O,O,O,B-numberofpeople,O
request+ticket,Can,I,get,2,tickets,for,The,big,short
,O,O,O,B-numberofpeople,O,O,B-moviename,I-moviename,I-moviename
request+ticket,Can,I,get,2,tickets,for,big,short
,O,O,O,B-numberofpeople,O,O,B-moviename,I-moviename
request,Can,I,get,2,tickets,for,deadpool
,O,O,O,B-numberofpeople,O,O,B-moviename
request+ticket,Can,I,get,2,tickets,for,hail,caesar
,O,O,O,B-numberofpeople,O,O,B-moviename,I-moviename
request+ticket,Can,I,get,2,tickets,for,london,had,fallen
,O,O,O,B-numberofpeople,O,O,B-moviename,I-moviename,I-moviename
request+ticket,Can,I,get,2,tickets,for,race
,O,O,O,B-numberofpeople,O,O,B-moviename
request+ticket,Can,I,get,2,tickets,for,risen
,O,O,O,B-numberofpeople,O,O,B-moviename
request+ticket,Can,I,get,2,tickets,for,room
,O,O,O,B-numberofpeople,O,O,B-moviename
request+ticket,Can,I,get,2,tickets,for,spotlight
,O,O,O,B-numberofpeople,O,O,B-moviename
request+ticket,Can,I,get,2,tickets,for,the,big,short
,O,O,O,B-numberofpeople,O,O,B-moviename,I-moviename,I-moviename
request+ticket,Can,I,get,2,tickets,for,the,witch
,O,O,O,B-numberofpeople,O,O,B-moviename,I-moviename
request,Can,I,get,2,tickets,for,zoolander,2
,O,O,O,B-numberofpeople,O,O,B-moviename,I-moviename
request,Can,I,get,2,tickets,for,zootopia
,O,O,O,B-numberofpeople,O,O,B-moviename
request+ticket,Can,I,get,3,tickets
,O,O,O,B-numberofpeople,O
request,Can,I,get,3,tickets,for,deadpool
,O,O,O,B-numberofpeople,O,O,B-moviename
inform,Can,I,get,4,tickets
,O,O,O,B-numberofpeople,O
request,Can,I,get,4,tickets,for,deadpool
,O,O,O,B-numberofpeople,O,O,B-moviename
inform,Can,I,get,5,tickets
,O,O,O,B-numberofpeople,O
request,Can,I,get,6,tickets,for,triple,9
,O,O,O,B-numberofpeople,O,O,B-moviename,I-moviename
inform,Can,I,get,four,tickets
,O,O,O,B-numberofpeople,O
request+ticket,Can,I,get,one,tickets
,O,O,O,B-numberofpeople,O
request+ticket,Can,I,get,some,tickets,for,The,big,short
,O,O,O,O,O,O,O,I-moviename,I-moviename
request+ticket,Can,I,get,some,tickets,for,big,short
,O,O,O,O,O,O,B-theater,I-moviename
request,Can,I,get,some,tickets,for,deadpool
,O,O,O,O,O,O,B-moviename
request,Can,I,get,some,tickets,for,hail,caesar
,O,O,O,O,O,O,B-moviename,I-moviename
request+ticket,Can,I,get,some,tickets,for,london,had,fallen
,O,O,O,O,O,O,B-moviename,I-moviename,I-moviename
request+ticket,Can,I,get,some,tickets,for,race
,O,O,O,O,O,O,B-moviename
request+ticket,Can,I,get,some,tickets,for,risen
,O,O,O,O,O,O,B-moviename
request+ticket,Can,I,get,some,tickets,for,room
,O,O,O,O,O,O,O
request+ticket,Can,I,get,some,tickets,for,spotlight
,O,O,O,O,O,O,B-moviename
request+ticket,Can,I,get,some,tickets,for,the,big,short
,O,O,O,O,O,O,O,I-moviename,I-moviename
request+ticket,Can,I,get,some,tickets,for,the,witch
,O,O,O,O,O,O,O,I-moviename
request,Can,I,get,some,tickets,for,triple,9
,O,O,O,O,O,O,B-moviename,I-moviename
request,Can,I,get,some,tickets,for,zoolander,2
,O,O,O,O,O,O,B-moviename,I-moviename
request+ticket,Can,I,get,some,tickets,for,zootopia
,O,O,O,O,O,O,B-moviename
request,Can,I,get,the,tickets,for,saturday
,O,O,O,O,O,O,B-date
request+ticket,Can,I,get,the,tickets,for,this,weekend
,O,O,O,O,O,O,O,I-date
request,Can,I,get,the,tickets,for,today
,O,O,O,O,O,O,B-date
request+ticket,Can,I,get,the,tickets,for,tomorrow
,O,O,O,O,O,O,B-date
request,Can,I,get,the,tickets,for,tomorrow,night
,O,O,O,O,O,O,B-date,B-starttime
request+ticket,Can,I,get,tickets,for,The,big,short,at,regal,meridian,16
,O,O,O,O,O,B-moviename,I-moviename,I-moviename,O,B-theater,I-theater,I-theater
request+ticket,Can,I,get,tickets,for,The,big,short,tomorrow
,O,O,O,O,O,B-moviename,I-moviename,I-moviename,B-date
request+ticket,Can,I,get,tickets,for,big,short,at,regal,meridian,16
,O,O,O,O,O,B-moviename,I-moviename,O,B-theater,I-theater,I-theater
request+ticket,Can,I,get,tickets,for,big,short,tomorrow
,O,O,O,O,O,B-moviename,I-moviename,B-date
inform+taskcomplete,Can,I,get,tickets,for,deadpool,at,amc,pacific,place,11,theater
,O,O,O,O,O,B-moviename,O,B-theater,I-theater,I-theater,I-theater,I-theater
request+ticket,Can,I,get,tickets,for,deadpool,at,carmike,summit,16
,O,O,O,O,O,B-moviename,O,B-theater,I-theater,I-theater
request,Can,I,get,tickets,for,deadpool,saturday
,O,O,O,O,O,B-moviename,I-moviename
request,Can,I,get,tickets,for,deadpool,sunday
,O,O,O,O,O,B-moviename,I-moviename
request+ticket,Can,I,get,tickets,for,deadpool,thursday
,O,O,O,O,O,B-moviename,B-date
request+ticket,Can,I,get,tickets,for,deadpool,today
,O,O,O,O,O,B-moviename,B-date
request+ticket,Can,I,get,tickets,for,deadpool,tomorrow
,O,O,O,O,O,B-moviename,B-date
inform+taskcomplete,Can,I,get,tickets,for,hail,caesar,at,amc,lowes,oak,tree,6
,O,O,O,O,O,B-moviename,I-moviename,O,B-theater,I-theater,I-theater,I-theater,I-theater
request+ticket,Can,I,get,tickets,for,hail,caesar,at,regal,meridian,16
,O,O,O,O,O,B-moviename,I-moviename,O,B-theater,I-theater,I-theater
inform+taskcomplete,Can,I,get,tickets,for,hail,caesar,at,regal,meridian,16,theater
,O,O,O,O,O,B-moviename,I-moviename,O,B-theater,I-theater,I-theater,O
request+ticket,Can,I,get,tickets,for,hail,caesar,tomorrow
,O,O,O,O,O,B-moviename,I-moviename,B-date
request+ticket,Can,I,get,tickets,for,london,had,fallen,at,carmike,summit,16
,O,O,O,O,O,B-moviename,I-moviename,I-moviename,O,B-theater,I-theater,I-theater
request+ticket,Can,I,get,tickets,for,london,had,fallen,today
,O,O,O,O,O,B-moviename,I-moviename,I-moviename,B-date
inform+taskcomplete,Can,I,get,tickets,for,race,at,amc,lowes,oak,tree,6
,O,O,O,O,O,B-moviename,O,B-theater,I-theater,I-theater,I-theater,I-theater
inform+taskcomplete,Can,I,get,tickets,for,race,at,amc,pacific,place,11,theater
,O,O,O,O,O,B-moviename,O,B-theater,I-theater,I-theater,I-theater,I-theater
request+ticket,Can,I,get,tickets,for,race,tomorrow
,O,O,O,O,O,B-moviename,B-date
request+ticket,Can,I,get,tickets,for,risen,at,amc,lowes,oak,tree,6
,O,O,O,O,O,B-moviename,O,B-theater,I-theater,I-theater,I-theater,I-theater
request,Can,I,get,tickets,for,risen,tomorrow
,O,O,O,O,O,B-moviename,B-date
inform+taskcomplete,Can,I,get,tickets,for,room,at,amc,lowes,oak,tree,6
,O,O,O,O,O,O,O,B-theater,I-theater,I-theater,I-theater,I-theater
inform+taskcomplete,Can,I,get,tickets,for,room,at,amc,pacific,place,11,theater
,O,O,O,O,O,O,O,B-theater,I-theater,I-theater,I-theater,I-theater
inform+taskcomplete,Can,I,get,tickets,for,room,at,pacific,place,11,theater
,O,O,O,O,O,O,O,B-theater,I-theater,I-theater,I-theater
request+ticket,Can,I,get,tickets,for,room,tomorrow
,O,O,O,O,O,O,B-date
request+ticket,Can,I,get,tickets,for,spotlight,at,regal,meridian,16
,O,O,O,O,O,B-moviename,O,B-theater,I-theater,I-theater
request+ticket,Can,I,get,tickets,for,spotlight,tomorrow
,O,O,O,O,O,B-moviename,B-date
request+ticket,Can,I,get,tickets,for,the,big,short,at,regal,meridian,16
,O,O,O,O,O,B-moviename,I-moviename,I-moviename,O,B-theater,I-theater,I-theater
request+ticket,Can,I,get,tickets,for,the,big,short,tomorrow
,O,O,O,O,O,B-moviename,I-moviename,I-moviename,B-date
request+ticket,Can,I,get,tickets,for,the,witch,at,regal,meridian,16
,O,O,O,O,O,B-moviename,I-moviename,O,B-theater,I-theater,I-theater
request+ticket,Can,I,get,tickets,for,the,witch,tomorrow
,O,O,O,O,O,B-moviename,I-moviename,B-date
request+ticket,Can,I,get,tickets,for,triple,9,at,amc,lowes,oak,tree
,O,O,O,O,O,B-moviename,I-moviename,O,B-theater,I-theater,I-theater,I-theater
request+ticket,Can,I,get,tickets,for,triple,9,tomorrow
,O,O,O,O,O,B-moviename,I-moviename,B-date
request+ticket,Can,I,get,tickets,for,zoolander,2,at,regal,meridian,16
,O,O,O,O,O,B-moviename,I-moviename,O,B-theater,I-theater,I-theater
request+ticket,Can,I,get,tickets,for,zoolander,2,tomorrow
,O,O,O,O,O,B-moviename,I-moviename,B-date
request+ticket,Can,I,get,tickets,for,zootopia,at,carmike,16
,O,O,O,O,O,B-moviename,O,B-theater,I-theater
request+ticket,Can,I,get,tickets,for,zootopia,at,carmike,summit,16
,O,O,O,O,O,B-moviename,O,B-theater,I-theater,I-theater
request+ticket,Can,I,get,tickets,for,zootopia,at,regal,meridian,16
,O,O,O,O,O,B-moviename,O,B-theater,I-theater,I-theater
request,Can,I,get,tickets,for,zootopia,today
,O,O,O,O,O,B-moviename,B-date
request+ticket,Can,I,get,tickets,for,zootopia,tomorrow
,O,O,O,O,O,B-moviename,B-date
request+ticket,Can,I,get,two,tickets
,O,O,O,B-numberofpeople,O
request+theater,Can,you,tell,me,the,available,theater,and,date
,O,O,O,O,O,O,O,O,O
request+theater,Can,you,tell,me,the,available,theater,and,date,start,time
,O,O,O,O,O,O,O,O,O,O,O
request+ticket,Could,you,help,me,to,book,the,tickets
,O,O,O,O,O,O,O,O
request+ticket,Hi,I'd,like,to,buy,tickets,for,deadpool,in,al
,O,O,O,O,O,O,O,B-moviename,O,B-city
request+ticket,Hi,I'd,like,to,buy,tickets,for,london,had,fallen,in,al
,O,O,O,O,O,O,O,B-moviename,I-moviename,I-moviename,O,B-city
request,Hi,I'd,like,to,buy,tickets,for,zootopia,in,al
,O,O,O,O,O,O,O,B-moviename,O,B-city
null,I,do,not,care
,O,O,O,O
inform,I,do,not,care,at,
,O,O,O,O,O,O
inform,I,do,not,care,is,my,
,O,O,O,O,O,O,O
inform,I,do,not,care,is,my,favorite,actor
,O,O,O,O,O,O,O,O
inform,I,do,not,care,is,the,
,O,O,O,O,O,O,O
request+moviename,I,do,not,care,or,would,you,like,to,
,O,O,O,O,O,O,O,O,O,O
request+zip,I,do,not,care,or,would,you,prefer
,O,O,O,O,O,O,O,O
inform,I,do,not,care,please
,O,O,O,O,O
request+moviename,I,do,not,care,would,you,like,to,book
,O,O,O,O,O,O,O,O,O
inform,I,need,2,tickets.,What,time,is,the,movie,playing,at,regency,commerce,14,on,tomorrow
,O,O,B-numberofpeople,O,O,O,O,B-moviename,O,O,O,B-theater,I-theater,I-theater,O,B-date
request+starttime,I,need,3,tickets.,What,time,is,the,movie,playing,at,regency,commerce,14,on,tomorrow
,O,O,B-numberofpeople,O,O,O,O,O,O,O,O,B-theater,I-theater,I-theater,O,B-date
inform,I,need,4,tickets.,What,is,the,start,time,in,the,area,of,zipcode,94952
,O,O,B-numberofpeople,O,O,O,O,O,O,O,O,B-distanceconstraints,O,O,I-city
inform,I,need,4,tickets.,What,time,is,the,movie,playing,at,regal,theater,on,tomorrow
,O,O,B-numberofpeople,O,O,O,O,O,O,O,O,B-theater,I-theater,O,B-date
inform,I,need,some,tickets,for,room,at,amc
,O,O,O,O,O,O,O,B-theater
inform,I,need,tickets,at,al
,O,O,O,O,B-starttime
inform,I,need,tickets,at,ny
,O,O,O,O,B-starttime
inform,I,need,tickets,at,oregon
,O,O,O,O,B-starttime
inform,I,need,tickets,at,tn
,O,O,O,O,B-starttime
request,I,need,two,tickets.,What,is,the,start,time,in,the,area,of,zipcode,90602
,O,O,B-numberofpeople,O,O,O,O,O,O,O,O,B-distanceconstraints,O,O,I-city
inform,I,want,1,tickets,please
,O,O,O,O,O
inform,I,want,2,tickets,please
,O,O,B-numberofpeople,O,O
request+ticket,I,want,3,tickets,please
,O,O,B-numberofpeople,O,O
request+ticket,I,want,4,tickets,please
,O,O,B-numberofpeople,O,O
inform,I,want,4,tickets.,What,is,the,start,time,at,regal,theater,in,sacramento,on,tomorrow
,O,O,B-numberofpeople,O,O,O,O,O,O,O,B-theater,I-theater,O,B-city,O,B-date
request+ticket,I,want,5,tickets,please
,O,O,B-numberofpeople,O,O
request+ticket,I,want,6,tickets,please
,O,O,O,O,O
request+ticket,I,want,four,tickets,please
,O,O,O,O,O
inform,I,want,one,tickets,please
,O,O,O,O,O
inform,I,want,some,tickets,at,birmingham
,O,O,O,O,O,B-starttime
inform,I,want,some,tickets,at,detroit
,O,O,O,O,O,O
inform,I,want,some,tickets,at,knoxville
,O,O,O,O,O,B-starttime
request+ticket,I,want,some,tickets,at,la
,O,O,O,O,O,O
inform,I,want,some,tickets,at,los,angeles
,O,O,O,O,O,B-theater,I-city
inform,I,want,some,tickets,at,portland
,O,O,O,O,O,B-theater
inform,I,want,some,tickets,at,regency
,O,O,O,O,O,B-theater
inform,I,want,some,tickets,at,regency,academy,6,theater
,O,O,O,O,O,B-theater,I-theater,O,I-theater
inform,I,want,some,tickets,at,seattle
,O,O,O,O,O,B-city
inform,I,want,some,tickets,at,stony,brook
,O,O,O,O,O,O,O
request+ticket,I,want,tickets,for,The,big,short,at,8:45,pm
,O,O,O,O,O,I-moviename,I-moviename,O,B-starttime,O
request+ticket,I,want,tickets,for,big,short,at,8:45,pm
,O,O,O,O,B-theater,I-moviename,O,B-starttime,I-starttime
request+ticket,I,want,tickets,for,deadpool,at,2pm
,O,O,O,O,B-moviename,O,B-starttime
request+ticket,I,want,tickets,for,deadpool,at,9:00,pm
,O,O,O,O,B-moviename,O,B-starttime,I-starttime
inform,I,want,tickets,for,deadpool,at,around,2pm
,O,O,O,O,B-moviename,O,B-starttime,I-starttime
request,I,want,tickets,for,deadpool,at,around,5pm
,O,O,O,O,B-moviename,O,B-starttime,I-starttime
inform,I,want,tickets,for,deadpool,at,around,6pm
,O,O,O,O,B-moviename,O,B-starttime,I-starttime
inform,I,want,tickets,for,hail,caesar,at,7:15,pm
,O,O,O,O,B-moviename,I-moviename,O,B-starttime,I-starttime
inform,I,want,tickets,for,hail,caesar,at,8:45,pm
,O,O,O,O,B-moviename,I-moviename,O,B-starttime,I-starttime
inform,I,want,tickets,for,london,had,fallen,at,around,2pm
,O,O,O,O,B-moviename,I-moviename,I-moviename,O,B-starttime,I-starttime
inform,I,want,tickets,for,race,at,10:00,pm
,O,O,O,O,B-moviename,O,B-starttime,I-starttime
inform,I,want,tickets,for,race,at,4:50,pm
,O,O,O,O,B-moviename,O,B-starttime,I-starttime
inform,I,want,tickets,for,risen,at,4:25,pm
,O,O,O,O,B-moviename,O,B-starttime,I-starttime
inform,I,want,tickets,for,room,at,4:50,pm
,O,O,O,O,O,O,B-starttime,I-starttime
inform,I,want,tickets,for,room,at,9:30,pm
,O,O,O,O,O,O,B-starttime,I-starttime
inform,I,want,tickets,for,spotlight,at,9:00,pm
,O,O,O,O,B-moviename,O,B-starttime,I-starttime
request+ticket,I,want,tickets,for,the,big,short,at,8:45,pm
,O,O,O,O,O,I-moviename,I-moviename,O,B-starttime,O
inform,I,want,tickets,for,the,witch,at,9:30,pm
,O,O,O,O,O,I-moviename,O,B-starttime,I-starttime
inform,I,want,tickets,for,triple,9,at,7:10,pm
,O,O,O,O,B-moviename,I-moviename,O,B-starttime,I-starttime
request+ticket,I,want,tickets,for,zoolander,2,at,9:25,pm
,O,O,O,O,B-moviename,I-moviename,O,B-starttime,I-starttime
request+ticket,I,want,tickets,for,zootopia,at,2pm
,O,O,O,O,B-moviename,O,B-starttime
request+ticket,I,want,tickets,for,zootopia,at,9:10,pm
,O,O,O,O,B-moviename,O,B-starttime,I-starttime
request,I,want,tickets,for,zootopia,at,around,2pm
,O,O,O,O,B-moviename,O,B-starttime,I-starttime
request,I,want,to,get,2,tickets.,What,time,is,it,playing,at,birmingham,al
,O,O,O,O,B-numberofpeople,O,O,O,O,O,O,O,B-city,B-state
inform,I,want,to,get,2,tickets.,What,time,is,it,playing,at,du,Quoin,illinois
,O,O,O,O,B-numberofpeople,O,O,O,O,O,O,O,B-theater,I-city,I-theater
inform,I,want,to,get,2,tickets.,What,time,is,it,playing,at,du,quoin,illinois
,O,O,O,O,B-numberofpeople,O,O,O,O,O,O,O,B-theater,I-city,I-theater
request,I,want,to,get,2,tickets.,What,time,is,it,playing,at,portland,oregon
,O,O,O,O,B-numberofpeople,O,O,O,O,O,O,O,B-city,B-state
inform,I,want,to,get,3,tickets.,What,is,the,start,time,at,philadelphia,19101,on,tomorrow
,O,O,O,O,B-numberofpeople,O,O,O,O,O,O,O,B-theater,I-starttime,O,B-date
request,I,want,to,get,3,tickets.,What,time,is,it,playing,at,portland,oregon
,O,O,O,O,B-numberofpeople,O,O,O,O,O,O,O,B-city,B-state
inform,I,want,to,get,4,tickets.,What,is,the,start,time,at,philadelphia,19101,on,tomorrow
,O,O,O,O,B-numberofpeople,O,O,O,O,O,O,O,B-theater,I-starttime,O,B-date
inform,I,want,to,get,4,tickets.,What,time,is,it,playing,at,portland,oregon
,O,O,O,O,B-numberofpeople,O,O,O,O,O,O,O,B-city,B-state
request,I,want,to,get,5,tickets.,What,time,is,it,playing,at,portland,oregon
,O,O,O,O,B-numberofpeople,O,O,O,O,O,O,O,B-city,B-state
request+moviename,I,want,to,purchase,3,tickets.,What,time,is,it,playing,at,philadelphia,on,tomorrow
,O,O,O,O,B-numberofpeople,O,O,O,O,O,O,O,O,O,B-date
inform,I,want,to,purchase,3,tickets.,What,time,is,playing,at,philadelphia,and,zipcode,is,19101
,O,O,O,O,B-numberofpeople,O,O,O,O,O,O,O,O,O,O,O
request,I,want,to,purchase,3,tickets.,What,time,is,playing,on,tomorrow,in,zipcode,19101
,O,O,O,O,B-numberofpeople,O,O,O,O,O,O,B-date,O,B-city,I-city
inform,I,want,to,purchase,4,tickets.,What,time,is,it,playing,at,philadelphia,on,tomorrow
,O,O,O,O,B-numberofpeople,O,O,O,O,O,O,O,B-theater,O,B-date
inform,I,want,to,purchase,4,tickets.,What,time,is,it,playing,at,sacramento,on,tomorrow
,O,O,O,O,B-numberofpeople,O,O,O,O,O,O,O,B-theater,O,B-date
inform,I,want,to,purchase,4,tickets.,What,time,is,playing,at,philadelphia,and,zipcode,is,19101
,O,O,O,O,B-numberofpeople,O,O,O,O,O,O,O,O,O,O,O
request,I,want,to,purchase,4,tickets.,What,time,is,playing,on,tomorrow,in,zipcode,19101
,O,O,O,O,B-numberofpeople,O,O,O,O,O,O,B-date,O,B-city,I-city
request+ticket,I,want,to,purchase,4,tickets.,What,time,is,that,movie,playing,at,regal,theater,in,sacramento
,O,O,O,O,B-numberofpeople,O,O,O,O,O,O,O,O,B-theater,I-theater,O,B-city
request+moviename,I,want,to,purchase,one,tickets.,What,time,is,it,playing,at,seattle,on,tomorrow,night
,O,O,O,O,O,O,O,O,O,O,O,O,B-city,O,B-date,B-starttime
request,I,want,to,purchase,two,tickets.,What,time,is,that,movie,playing,at,southpoint,casino,in,las,vegas
,O,O,O,O,B-numberofpeople,O,O,O,O,O,O,O,O,B-theater,I-theater,O,B-city,I-city
request+ticket,I,want,to,set,it,up,saturday
,O,O,O,O,O,O,B-date
inform,I,want,to,set,it,up,sunday
,O,O,O,O,O,O,O
inform,I,want,to,set,it,up,thursday
,O,O,O,O,O,O,O
inform,I,want,to,set,it,up,today
,O,O,O,O,O,O,B-date
request+ticket,I,want,to,set,it,up,tomorrow
,O,O,O,O,O,O,B-date
request+ticket,I,want,to,set,it,up,tomorrow,night
,O,O,O,O,O,O,B-date,B-starttime
request+moviename,I,want,to,set,it,up,tonight
,O,O,O,O,O,O,B-date
inform,I,want,to,watch,,Young,Messiah
,O,O,O,O,O,O,O
request+ticket,I,want,to,watch,10,cloverfield,lane
,O,O,O,O,B-moviename,I-moviename,I-moviename
request,I,want,to,watch,Avengers
,O,O,O,O,B-moviename
inform,I,want,to,watch,at,10:00,pm
,O,O,O,O,O,B-starttime,I-starttime
inform,I,want,to,watch,at,2pm
,O,O,O,O,O,B-starttime
inform,I,want,to,watch,at,4,pm
,O,O,O,O,O,B-starttime,I-starttime
inform,I,want,to,watch,at,4:25,pm
,O,O,O,O,O,B-starttime,O
inform,I,want,to,watch,at,4:50,pm
,O,O,O,O,O,B-starttime,I-starttime
inform,I,want,to,watch,at,7:10,pm
,O,O,O,O,O,B-starttime,I-starttime
inform,I,want,to,watch,at,7:15,pm
,O,O,O,O,O,B-starttime,I-starttime
inform,I,want,to,watch,at,7pm
,O,O,O,O,O,B-starttime
inform,I,want,to,watch,at,8:45,pm
,O,O,O,O,O,B-starttime,I-starttime
inform,I,want,to,watch,at,8pm
,O,O,O,O,O,B-starttime
inform,I,want,to,watch,at,9:00,pm
,O,O,O,O,O,B-starttime,I-starttime
inform,I,want,to,watch,at,9:10,pm
,O,O,O,O,O,B-starttime,I-starttime
inform,I,want,to,watch,at,9:25,pm
,O,O,O,O,O,B-starttime,O
inform,I,want,to,watch,at,9:30,pm
,O,O,O,O,O,B-starttime,I-starttime
inform,I,want,to,watch,at,Petaluma
,O,O,O,O,O,B-starttime
inform,I,want,to,watch,at,al
,O,O,O,O,O,B-starttime
inform,I,want,to,watch,at,amc,lowes,oak,tree
,O,O,O,O,O,B-theater,I-theater,I-theater,I-theater
inform,I,want,to,watch,at,amc,lowes,oak,tree,6
,O,O,O,O,O,B-theater,I-theater,I-theater,I-theater,I-theater
inform,I,want,to,watch,at,amc,pacific,place,11,theater
,O,O,O,O,O,B-theater,I-theater,I-theater,I-theater,I-theater
inform,I,want,to,watch,at,around,2pm
,O,O,O,O,O,B-starttime,B-starttime
inform,I,want,to,watch,at,around,4pm
,O,O,O,O,O,B-starttime,I-starttime
inform,I,want,to,watch,at,around,5pm
,O,O,O,O,O,B-starttime,I-starttime
inform,I,want,to,watch,at,around,6pm
,O,O,O,O,O,B-starttime,B-starttime
inform,I,want,to,watch,at,around,noon
,O,O,O,O,O,B-starttime,I-starttime
inform,I,want,to,watch,at,birmingham
,O,O,O,O,O,B-starttime
request+ticket,I,want,to,watch,at,california
,O,O,O,O,O,O
inform,I,want,to,watch,at,carmike,16
,O,O,O,O,O,B-theater,I-theater
inform,I,want,to,watch,at,carmike,summit,16
,O,O,O,O,O,B-theater,I-theater,I-theater
inform,I,want,to,watch,at,detroit
,O,O,O,O,O,B-starttime
inform,I,want,to,watch,at,du,Quoin
,O,O,O,O,O,O,O
inform,I,want,to,watch,at,du,quoin
,O,O,O,O,O,O,O
inform,I,want,to,watch,at,evening,around,7
,O,O,O,O,O,B-starttime,B-starttime,I-starttime
inform,I,want,to,watch,at,illinois
,O,O,O,O,O,B-starttime
inform,I,want,to,watch,at,knoxville
,O,O,O,O,O,B-starttime
inform,I,want,to,watch,at,la
,O,O,O,O,O,O
inform,I,want,to,watch,at,los,angeles
,O,O,O,O,O,B-starttime,I-city
inform,I,want,to,watch,at,matinee
,O,O,O,O,O,B-starttime
request+ticket,I,want,to,watch,at,night
,O,O,O,O,O,B-starttime
inform,I,want,to,watch,at,ny
,O,O,O,O,O,B-starttime
inform,I,want,to,watch,at,oregon
,O,O,O,O,O,B-starttime
inform,I,want,to,watch,at,pacific,place,11,theater
,O,O,O,O,O,B-theater,I-theater,I-theater,I-theater
inform,I,want,to,watch,at,portland
,O,O,O,O,O,B-starttime
inform,I,want,to,watch,at,regal,meridian,16
,O,O,O,O,O,B-theater,I-theater,I-theater
inform,I,want,to,watch,at,regal,meridian,16,theater
,O,O,O,O,O,B-theater,I-theater,I-theater,O
inform,I,want,to,watch,at,regal,theater
,O,O,O,O,O,B-theater,O
inform,I,want,to,watch,at,regency
,O,O,O,O,O,B-theater
inform,I,want,to,watch,at,regency,academy,6,theater
,O,O,O,O,O,B-theater,I-theater,O,I-theater
inform,I,want,to,watch,at,regency,commerce,14
,O,O,O,O,O,B-theater,I-theater,I-theater
inform,I,want,to,watch,at,seattle
,O,O,O,O,O,B-city
inform,I,want,to,watch,at,southpoint,casino
,O,O,O,O,O,B-starttime,O
inform,I,want,to,watch,at,stony,brook
,O,O,O,O,O,B-starttime,O
inform,I,want,to,watch,at,tn
,O,O,O,O,O,B-starttime
request,I,want,to,watch,avengers
,O,O,O,O,B-moviename
request+ticket,I,want,to,watch,batman,moviename
,O,O,O,O,B-moviename,I-moviename
request+ticket,I,want,to,watch,brothers,grimsby
,O,O,O,O,B-moviename,I-moviename
inform,I,want,to,watch,creed
,O,O,O,O,O
inform,I,want,to,watch,deadpool
,O,O,O,O,B-moviename
inform,I,want,to,watch,eddie,the,eagle
,O,O,O,O,B-moviename,I-moviename,I-moviename
request+ticket,I,want,to,watch,gods,of,egypt
,O,O,O,O,B-moviename,I-moviename,I-moviename
request+ticket,I,want,to,watch,london,had,fallen
,O,O,O,O,B-moviename,I-moviename,I-moviename
inform,I,want,to,watch,london,has,fallen
,O,O,O,O,B-moviename,I-moviename,I-moviename
inform,I,want,to,watch,risen
,O,O,O,O,B-moviename
request+ticket,I,want,to,watch,star,wars
,O,O,O,O,B-moviename,O
request+ticket,I,want,to,watch,the,witch
,O,O,O,O,O,I-moviename
inform,I,want,to,watch,zoology
,O,O,O,O,B-moviename
request,I,want,to,watch,zootopia
,O,O,O,O,B-moviename
inform,I,want,two,tickets,please
,O,O,O,O,O
request,I,would,like,2,tickets,for,that,movie.,What,time,is,it,playing,at,al
,O,O,O,B-numberofpeople,O,O,O,O,O,O,O,O,O,O,O
request+starttime,I,would,like,4,tickets,for,that,movie.,What,time,is,it,playing,at,california
,O,O,O,B-numberofpeople,O,O,O,O,O,O,O,O,O,O,O
request+ticket,Is,there,3d,tickets,available
,O,O,B-video_format,O,O
request+ticket,Is,there,any,ticket,available,close,to,95833
,O,O,O,O,O,O,O,B-theater
request+ticket,Is,there,any,ticket,available,downtown
,O,O,O,O,O,O
request+ticket,Is,there,any,ticket,available,near,me
,O,O,O,O,O,O,O
inform,Oh,sorry!,This,is,the,wrong,ticket
,O,O,O,O,O,O,O
thanks,Thank,you
,B-closing,I-closing
request+date,What,date,and,start,time,are,available
,O,O,O,O,O,O,O
request,What,date,and,start,time,are,available,at,birmingham,al
,O,O,O,O,O,O,O,O,B-city,B-state
request+date,What,date,and,start,time,are,available,at,california
,O,O,O,O,O,O,O,O,O
request+starttime,What,date,and,start,time,are,available,at,du,Quoin,illinois
,O,O,O,O,O,O,O,O,O,O,O
request+starttime,What,date,and,start,time,are,available,at,du,quoin,illinois
,O,O,O,O,O,O,O,O,O,O,O
request,What,date,and,start,time,are,available,at,portland,oregon
,O,O,O,O,O,O,O,O,O,B-state
request+starttime,What,date,and,start,time,are,available,close,to,95833
,O,O,O,O,O,O,O,O,O,O
request+starttime,What,date,and,start,time,are,available,for,1,tickets,at,los,angeles
,O,O,O,O,O,O,O,O,O,O,O,O,B-distanceconstraints
request,What,date,and,start,time,are,available,for,2,tickets,at,birmingham
,O,O,O,O,O,O,O,O,B-numberofpeople,O,O,B-city
request+starttime,What,date,and,start,time,are,available,for,2,tickets,at,seattle
,O,O,O,O,O,O,O,O,B-numberofpeople,O,O,B-city
request+starttime,What,date,and,start,time,are,available,for,3,tickets,at,portland
,O,O,O,O,O,O,O,O,O,O,O,B-city
request+starttime,What,date,and,start,time,are,available,for,4,tickets,at,Petaluma
,O,O,O,O,O,O,O,O,O,O,O,O
request+starttime,What,date,and,start,time,are,available,for,4,tickets,in,zipcode,94952
,O,O,O,O,O,O,O,O,O,O,O,O,O
request+starttime,What,date,and,start,time,are,available,for,some,tickets
,O,O,O,O,O,O,O,O,O,O
request+starttime,What,date,and,start,time,are,available,for,two,tickets,in,zipcode,90602
,O,O,O,O,O,O,O,O,O,O,O,O,O
request+starttime,What,date,and,start,time,are,available,in,zipcode,90602
,O,O,O,O,O,O,O,O,O,O
request+starttime,What,date,and,start,time,are,available,in,zipcode,94952
,O,O,O,O,O,O,O,O,O,O
request+starttime,What,date,and,start,time,are,available,to,book,1,tickets,near,me
,O,O,O,O,O,O,O,O,O,O,O,O,O
request+starttime,What,date,and,start,time,are,available,to,book,2,tickets,at,al
,O,O,O,O,O,O,O,O,O,B-numberofpeople,O,O,O
request,What,date,and,start,time,are,available,to,book,2,tickets,in,birmingham,al
,O,O,O,O,O,O,O,O,O,B-numberofpeople,O,O,B-city,B-state
request+starttime,What,date,and,start,time,are,available,to,book,3,tickets,at,beaver,creek,stadium,12
,O,O,O,O,O,O,O,O,O,O,O,O,O,O,I-theater_chain,I-theater_chain
request+starttime,What,date,and,start,time,are,available,to,book,3,tickets,at,oregon
,O,O,O,O,O,O,O,O,O,O,O,O,O
request,What,date,and,start,time,are,available,to,book,3,tickets,in,portland,oregon
,O,O,O,O,O,O,O,O,O,O,O,O,B-city,B-state
request+starttime,What,date,and,start,time,are,available,to,book,4,tickets,at,california
,O,O,O,O,O,O,O,O,O,O,O,O,O
request+starttime,What,date,and,start,time,are,available,to,book,4,tickets,at,oregon
,O,O,O,O,O,O,O,O,O,O,O,O,O
request,What,date,and,start,time,are,available,to,book,4,tickets,in,portland,oregon
,O,O,O,O,O,O,O,O,O,O,O,O,B-city,B-state
request+starttime,What,date,and,start,time,are,available,to,book,4,tickets,near,me
,O,O,O,O,O,O,O,O,O,O,O,O,O
request+starttime,What,date,and,start,time,are,available,to,book,5,tickets,near,me
,O,O,O,O,O,O,O,O,O,O,O,O,O
request,What,date,and,start,time,are,available,to,book,two,tickets,at,southpoint,casino,in,las,vegas
,O,O,O,O,O,O,O,O,O,O,O,O,O,O,O,B-city,I-city
request+starttime,What,date,and,start,time,are,availble,to,book,1,tickets
,O,O,O,O,O,O,O,O,O,O,O
request+starttime,What,date,and,start,time,are,availble,to,book,2,tickets
,O,O,O,O,O,O,O,O,O,B-numberofpeople,O
request+starttime,What,date,and,start,time,are,availble,to,book,3,tickets
,O,O,O,O,O,O,O,O,O,O,O
request+starttime,What,date,and,start,time,are,availble,to,book,4,tickets
,O,O,O,O,O,O,O,O,O,O,O
request+starttime,What,date,and,start,time,are,availble,to,book,5,tickets
,O,O,O,O,O,O,O,O,O,O,O
request+starttime,What,date,and,start,time,are,availble,to,book,two,tickets
,O,O,O,O,O,O,O,O,O,O,O
request+starttime,What,date,and,start,time,do,you,want,at,los,angeles
,O,O,O,O,O,O,O,O,O,O,B-distanceconstraints
request+starttime,What,date,and,start,time,do,you,want,at,seattle
,O,O,O,O,O,O,O,O,O,O
request+moviename,What,date,can,I,book,1,tickets,for,,Young,Messiah
,O,O,O,O,O,O,O,O,O,I-date,O
request,What,date,can,I,book,1,tickets,for,deadpool
,O,O,O,O,O,O,O,O,B-moviename
request+ticket,What,date,can,I,book,1,tickets,for,kung,fu,panda,3
,O,O,O,O,O,O,O,O,B-moviename,I-moviename,I-moviename,I-moviename
request,What,date,can,I,book,2,tickets,for,deadpool
,O,O,O,O,O,B-numberofpeople,O,O,B-moviename
request,What,date,can,I,book,2,tickets,for,first
,O,O,O,O,O,B-numberofpeople,O,O,O
request,What,date,can,I,book,2,tickets,for,star,wars
,O,O,O,O,O,B-numberofpeople,O,O,B-moviename,O
request,What,date,can,I,book,2,tickets,for,zootopia
,O,O,O,O,O,B-numberofpeople,O,O,B-moviename
request,What,date,can,I,book,3,tickets,for,10,cloverfield,lane
,O,O,O,O,O,O,O,O,B-moviename,I-moviename,I-moviename
request,What,date,can,I,book,3,tickets,for,deadpool
,O,O,O,O,O,O,O,O,B-moviename
request,What,date,can,I,book,3,tickets,for,gods,egypt
,O,O,O,O,O,O,O,O,B-moviename,I-moviename
request,What,date,can,I,book,3,tickets,for,whiskey,tango,foxtrot
,O,O,O,O,O,O,O,O,B-moviename,I-moviename,I-moviename
request,What,date,can,I,book,3,tickets,for,zoology
,O,O,O,O,O,O,O,O,B-moviename
request,What,date,can,I,book,3,tickets,for,zootopia
,O,O,O,O,O,O,O,O,B-moviename
request,What,date,can,I,book,4,tickets,for,Avengers
,O,O,O,O,O,O,O,O,B-date
request,What,date,can,I,book,4,tickets,for,brothers,grimsby
,O,O,O,O,O,O,O,O,B-moviename,I-date
request+ticket,What,date,can,I,book,4,tickets,for,eddie,the,eagle
,O,O,O,O,O,O,O,O,B-moviename,I-moviename,I-moviename
request+ticket,What,date,can,I,book,4,tickets,for,kung,fu,panda,3
,O,O,O,O,O,O,O,O,B-moviename,I-moviename,I-moviename,I-moviename
request,What,date,can,I,book,4,tickets,for,star,wars
,O,O,O,O,O,O,O,O,B-moviename,O
request,What,date,can,I,book,4,tickets,for,whiskey,tango,foxtrot
,O,O,O,O,O,O,O,O,B-moviename,I-moviename,I-moviename
request,What,date,can,I,book,4,tickets,for,zootopia
,O,O,O,O,O,O,O,O,B-moviename
request,What,date,can,I,book,5,tickets,for,avengers
,O,O,O,O,O,B-date,O,O,B-date
request,What,date,can,I,book,5,tickets,for,deadpool
,O,O,O,O,O,B-date,O,O,B-moviename
request,What,date,can,I,book,5,tickets,for,london,has,fallen
,O,O,O,O,O,B-date,O,O,B-moviename,I-moviename,I-moviename
request,What,date,can,I,book,5,tickets,for,star,wars
,O,O,O,O,O,B-date,O,O,O,O
request,What,date,can,I,book,5,tickets,for,zootopia
,O,O,O,O,O,B-date,O,O,B-moviename
inform,What,date,can,I,book,two,tickets,for,london,has,fallen
,O,O,O,O,O,O,O,O,B-moviename,I-moviename,I-moviename
request+ticket,What,date,can,I,book,two,tickets,for,the,other,side,of,the,door
,O,O,O,O,O,O,O,O,O,O,O,O,O,O
request,What,date,can,I,book,two,tickets,for,zootopia
,O,O,O,O,O,O,O,O,B-moviename
request+moviename,What,date,is,,Young,Messiah,playing,at,stony,brook
,O,O,O,O,O,O,O,O,O,I-theater
request+date,What,date,is,available
,O,O,O,O
inform,What,date,is,deadpool,playing,at,los,angeles
,O,O,O,B-moviename,O,O,B-city,I-city
request,What,date,is,deadpool,playing,at,seattle
,O,O,O,B-moviename,O,O,B-city
inform,What,date,is,eddie,the,eagle,playing,at,Petaluma
,O,O,O,B-moviename,O,I-moviename,O,O,B-theater
inform,What,date,is,eddie,the,eagle,playing,at,zipcode,94952
,O,O,O,B-moviename,O,I-moviename,O,O,O,O
inform,What,date,is,london,has,fallen,playing,at,zipcode,90602
,O,O,O,B-moviename,I-moviename,I-moviename,O,O,O,O
inform,What,date,is,playing,at,ny
,O,O,O,O,O,O
inform,What,date,is,star,wars,playing,at,du,Quoin
,O,O,O,O,O,O,O,B-theater,I-theater
inform,What,date,is,star,wars,playing,at,du,quoin
,O,O,O,O,O,O,O,B-theater,I-theater
request,What,date,is,star,wars,playing,at,portland
,O,O,O,O,O,O,O,B-theater
inform,What,date,is,the,other,side,of,the,door,playing,at,las,vegas
,O,O,O,O,O,I-moviename,I-moviename,I-moviename,I-moviename,O,O,B-starttime,I-starttime
request,What,date,is,whiskey,tango,foxtrot,playing,at,portland
,O,O,O,B-moviename,I-moviename,I-moviename,O,O,B-city
inform,What,date,is,zootopia,playing,at,birmingham
,O,O,O,B-moviename,O,O,B-city
request,What,date,is,zootopia,playing,at,portland
,O,O,O,B-moviename,O,O,B-theater
request+starttime,What,is,the,start,time,available,for,1,tickets
,O,O,O,O,O,O,O,B-moviename,O
multiple_choice,What,is,the,start,time,available,for,2,tickets
,O,O,O,O,O,O,O,B-numberofpeople,O
request+starttime,What,is,the,start,time,available,for,3,tickets
,O,O,O,O,O,O,O,B-numberofpeople,O
multiple_choice,What,is,the,start,time,available,for,4,tickets
,O,O,O,O,O,O,O,B-numberofpeople,O
multiple_choice,What,is,the,start,time,available,for,5,tickets
,O,O,O,O,O,O,O,B-moviename,O
request+starttime,What,is,the,start,time,available,for,two,tickets
,O,O,O,O,O,O,O,B-numberofpeople,O
request,What,is,the,start,time,for,10,cloverfield,lane
,O,O,O,O,O,O,B-moviename,I-moviename,I-moviename
request+starttime,What,is,the,start,time,for,10,cloverfield,lane,at,beaver,creek,stadium,12
,O,O,O,O,O,O,B-moviename,I-moviename,I-moviename,O,B-theater,I-theater,I-theater,I-theater
request+ticket,What,is,the,start,time,for,10,cloverfield,lane,tomorrow
,O,O,O,O,O,O,B-moviename,I-moviename,I-moviename,B-date
request+starttime,What,is,the,start,time,for,Avengers
,O,O,O,O,O,O,B-moviename
request+starttime,What,is,the,start,time,for,avengers
,O,O,O,O,O,O,B-moviename
request,What,is,the,start,time,for,batman,moviename
,O,O,O,O,O,O,B-moviename,I-moviename
request+starttime,What,is,the,start,time,for,batman,moviename,this,weekend
,O,O,O,O,O,O,B-moviename,I-moviename,O,B-date
request,What,is,the,start,time,for,brothers,grimsby
,O,O,O,O,O,O,B-moviename,I-moviename
multiple_choice,What,is,the,start,time,for,deadpool
,O,O,O,O,O,O,B-moviename
request+starttime,What,is,the,start,time,for,deadpool,at,zipcode,19101
,O,O,O,O,O,O,B-moviename,O,O,O
request+starttime,What,is,the,start,time,for,deadpool,tomorrow
,O,O,O,O,O,O,B-moviename,B-date
request+ticket,What,is,the,start,time,for,deadpool,tomorrow,night
,O,O,O,O,O,O,B-moviename,B-date,B-starttime
multiple_choice,What,is,the,start,time,for,eddie,the,eagle
,O,O,O,O,O,O,B-moviename,I-moviename,I-moviename
request+starttime,What,is,the,start,time,for,eddie,the,eagle,at,zipcode,94952
,O,O,O,O,O,O,B-moviename,I-moviename,I-moviename,O,B-starttime,O
request+starttime,What,is,the,start,time,for,first
,O,O,O,O,O,O,O
request,What,is,the,start,time,for,gods,egypt
,O,O,O,O,O,O,B-moviename,I-moviename
request,What,is,the,start,time,for,gods,of,egypt
,O,O,O,O,O,O,B-moviename,I-moviename,I-moviename
request+starttime,What,is,the,start,time,for,gods,of,egypt,at,regal,theater
,O,O,O,O,O,O,B-moviename,I-moviename,I-moviename,O,B-theater,O
multiple_choice,What,is,the,start,time,for,gods,of,egypt,tomorrow
,O,O,O,O,O,O,B-moviename,I-moviename,I-moviename,B-date
multiple_choice,What,is,the,start,time,for,kung,fu,panda,3
,O,O,O,O,O,O,B-moviename,I-moviename,I-moviename,I-moviename
request+starttime,What,is,the,start,time,for,kung,fu,panda,3,near,me
,O,O,O,O,O,O,B-moviename,I-moviename,I-moviename,I-moviename,B-distanceconstraints,O
multiple_choice,What,is,the,start,time,for,london,has,fallen
,O,O,O,O,O,O,B-moviename,I-moviename,I-moviename
request+starttime,What,is,the,start,time,for,london,has,fallen,at,zipcode,90602
,O,O,O,O,O,O,B-moviename,I-moviename,I-moviename,O,B-starttime,O
request+starttime,What,is,the,start,time,for,risen
,O,O,O,O,O,O,B-moviename
request+starttime,What,is,the,start,time,for,risen,at,regency,commerce,14
,O,O,O,O,O,O,B-moviename,O,B-theater,I-theater,I-theater
request+starttime,What,is,the,start,time,for,risen,tomorrow
,O,O,O,O,O,O,B-moviename,B-date
request,What,is,the,start,time,for,star,wars
,O,O,O,O,O,O,B-moviename,I-moviename
request+starttime,What,is,the,start,time,for,star,wars,at,shelby,township
,O,O,O,O,O,O,B-moviename,I-moviename,O,B-theater,I-theater
request+starttime,What,is,the,start,time,for,star,wars,in,illinois
,O,O,O,O,O,O,B-moviename,I-moviename,O,B-city
request+starttime,What,is,the,start,time,for,star,wars,in,oregon
,O,O,O,O,O,O,B-moviename,I-moviename,O,B-city
request+starttime,What,is,the,start,time,for,star,wars,this,friday
,O,O,O,O,O,O,B-moviename,I-moviename,B-date,B-date
request+starttime,What,is,the,start,time,for,that,movie,close,to,95833
,O,O,O,O,O,O,O,O,B-distanceconstraints,O,I-distanceconstraints
request+starttime,What,is,the,start,time,for,that,movie,near,me
,O,O,O,O,O,O,O,O,B-distanceconstraints,I-distanceconstraints
multiple_choice,What,is,the,start,time,for,the,other,side,of,the,door
,O,O,O,O,O,O,O,I-moviename,I-moviename,I-moviename,I-moviename,I-moviename
inform,What,is,the,start,time,for,the,other,side,of,the,door,at,southpoint,casino
,O,O,O,O,O,O,O,I-moviename,I-moviename,I-moviename,I-moviename,I-moviename,O,B-theater,I-theater
request,What,is,the,start,time,for,whiskey,tango,foxtrot
,O,O,O,O,O,O,B-moviename,I-moviename,I-moviename
request+starttime,What,is,the,start,time,for,whiskey,tango,foxtrot,in,oregon
,O,O,O,O,O,O,B-moviename,I-moviename,I-moviename,O,B-city
request+starttime,What,is,the,start,time,for,zoology
,O,O,O,O,O,O,B-moviename
request+starttime,What,is,the,start,time,for,zoology,close,to,95833
,O,O,O,O,O,O,B-moviename,B-moviename,I-moviename,O
request+starttime,What,is,the,start,time,for,zootopia
,O,O,O,O,O,O,B-moviename
request+starttime,What,is,the,start,time,for,zootopia,in,al
,O,O,O,O,O,O,B-moviename,O,B-city
request+starttime,What,is,the,start,time,for,zootopia,in,california
,O,O,O,O,O,O,B-moviename,O,B-distanceconstraints
request+starttime,What,is,the,start,time,for,zootopia,in,oregon
,O,O,O,O,O,O,B-moviename,O,B-distanceconstraints
request+starttime,What,is,the,start,time,for,zootopia,near,me
,O,O,O,O,O,O,B-moviename,B-distanceconstraints,I-distanceconstraints
request+starttime,What,is,the,start,time,for,zootopia,tomorrow,night
,O,O,O,O,O,O,B-moviename,B-date,I-date
request+starttime,What,is,the,start,time,for,zootopia,tonight
,O,O,O,O,O,O,B-moviename,B-date
request,What,start,time,can,I,book,1,tickets,at,los,angeles
,O,O,O,O,O,O,O,O,O,B-city,I-city
request,What,start,time,can,I,book,1,tickets,for,batman,moviename
,O,O,O,O,O,O,O,O,O,B-moviename,I-moviename
confirm_question,What,start,time,can,I,book,1,tickets,for,deadpool
,O,O,O,O,O,O,O,O,O,B-moviename
request+ticket,What,start,time,can,I,book,1,tickets,for,kung,fu,panda,3
,O,O,O,O,O,O,O,O,O,B-moviename,I-moviename,I-moviename,I-moviename
confirm_question,What,start,time,can,I,book,1,tickets,for,zootopia
,O,O,O,O,O,O,O,O,O,B-moviename
request+starttime,What,start,time,can,I,book,1,tickets,near,me
,O,O,O,O,O,O,O,O,O,O
request,What,start,time,can,I,book,2,tickets,at,birmingham
,O,O,O,O,O,O,B-numberofpeople,O,O,B-city
request,What,start,time,can,I,book,2,tickets,at,du,Quoin
,O,O,O,O,O,O,B-numberofpeople,O,O,O,O
request,What,start,time,can,I,book,2,tickets,at,du,quoin
,O,O,O,O,O,O,B-numberofpeople,O,O,O,O
request,What,start,time,can,I,book,2,tickets,at,portland
,O,O,O,O,O,O,B-numberofpeople,O,O,O
request,What,start,time,can,I,book,2,tickets,at,regency,commerce,14
,O,O,O,O,O,O,B-numberofpeople,O,O,B-theater,I-theater,I-theater
request,What,start,time,can,I,book,2,tickets,at,seattle
,O,O,O,O,O,O,B-numberofpeople,O,O,B-city
request+starttime,What,start,time,can,I,book,2,tickets,at,shelby,township
,O,O,O,O,O,O,B-numberofpeople,O,O,O,I-theater
confirm_question,What,start,time,can,I,book,2,tickets,for,deadpool
,O,O,O,O,O,O,B-numberofpeople,O,O,B-moviename
confirm_question,What,start,time,can,I,book,2,tickets,for,first
,O,O,O,O,O,O,B-numberofpeople,O,O,O
confirm_question,What,start,time,can,I,book,2,tickets,for,risen
,O,O,O,O,O,O,B-numberofpeople,O,O,B-moviename
request,What,start,time,can,I,book,2,tickets,for,star,wars
,O,O,O,O,O,O,B-numberofpeople,O,O,B-moviename,I-moviename
request,What,start,time,can,I,book,2,tickets,for,zootopia
,O,O,O,O,O,O,B-numberofpeople,O,O,B-moviename
request+starttime,What,start,time,can,I,book,3,tickets,at,beaver,creek,stadium,12
,O,O,O,O,O,O,O,O,O,O,I-distanceconstraints,O,I-theater_chain
request,What,start,time,can,I,book,3,tickets,at,portland
,O,O,O,O,O,O,O,O,O,B-city
request+starttime,What,start,time,can,I,book,3,tickets,at,regency,commerce,14
,O,O,O,O,O,O,O,O,O,B-theater_chain,I-theater_chain,I-theater_chain
request+starttime,What,start,time,can,I,book,3,tickets,close,to,95833
,O,O,O,O,O,O,O,O,O,O,O
request,What,start,time,can,I,book,3,tickets,for,10,cloverfield,lane
,O,O,O,O,O,O,O,O,O,B-moviename,I-moviename,I-moviename
confirm_question,What,start,time,can,I,book,3,tickets,for,deadpool
,O,O,O,O,O,O,O,O,O,B-moviename
request,What,start,time,can,I,book,3,tickets,for,gods,egypt
,O,O,O,O,O,O,O,O,O,B-moviename,I-moviename
request+starttime,What,start,time,can,I,book,3,tickets,for,risen
,O,O,O,O,O,O,O,O,O,O
request,What,start,time,can,I,book,3,tickets,for,whiskey,tango,foxtrot
,O,O,O,O,O,O,O,O,O,B-moviename,I-moviename,I-moviename
confirm_question,What,start,time,can,I,book,3,tickets,for,zoology
,O,O,O,O,O,O,O,O,O,B-moviename
request,What,start,time,can,I,book,3,tickets,for,zootopia
,O,O,O,O,O,O,O,O,O,B-moviename
request+starttime,What,start,time,can,I,book,4,tickets,at,Petaluma
,O,O,O,O,O,O,O,O,O,O
request,What,start,time,can,I,book,4,tickets,at,portland
,O,O,O,O,O,O,O,O,O,O
confirm_question,What,start,time,can,I,book,4,tickets,for,Avengers
,O,O,O,O,O,O,O,O,O,B-moviename
request,What,start,time,can,I,book,4,tickets,for,brothers,grimsby
,O,O,O,O,O,O,O,O,O,B-moviename,I-moviename
confirm_question,What,start,time,can,I,book,4,tickets,for,deadpool
,O,O,O,O,O,O,O,O,O,B-moviename
request+ticket,What,start,time,can,I,book,4,tickets,for,eddie,the,eagle
,O,O,O,O,O,O,O,O,O,B-moviename,I-moviename,I-moviename
request,What,start,time,can,I,book,4,tickets,for,gods,of,egypt
,O,O,O,O,O,O,O,O,O,B-moviename,I-moviename,I-moviename
request+ticket,What,start,time,can,I,book,4,tickets,for,kung,fu,panda,3
,O,O,O,O,O,O,O,O,O,B-moviename,I-moviename,I-moviename,I-moviename
request,What,start,time,can,I,book,4,tickets,for,star,wars
,O,O,O,O,O,O,O,O,O,B-moviename,O
request,What,start,time,can,I,book,4,tickets,for,whiskey,tango,foxtrot
,O,O,O,O,O,O,O,O,O,B-moviename,I-moviename,I-moviename
request,What,start,time,can,I,book,4,tickets,for,zootopia
,O,O,O,O,O,O,O,O,O,B-moviename
request+starttime,What,start,time,can,I,book,4,tickets,near,me
,O,O,O,O,O,O,O,O,O,O
request,What,start,time,can,I,book,5,tickets,at,portland
,O,O,O,O,O,O,request+date,O,O,O
request+starttime,What,start,time,can,I,book,5,tickets,for,avengers
,O,O,O,O,O,O,request+date,O,O,B-moviename
confirm_question,What,start,time,can,I,book,5,tickets,for,deadpool
,O,O,O,O,O,O,request+date,O,O,B-moviename
request+ticket,What,start,time,can,I,book,5,tickets,for,london,has,fallen
,O,O,O,O,O,O,request+date,O,O,B-moviename,I-moviename,I-moviename
request,What,start,time,can,I,book,5,tickets,for,star,wars
,O,O,O,O,O,O,request+date,O,O,B-moviename,I-moviename
request,What,start,time,can,I,book,5,tickets,for,zootopia
,O,O,O,O,O,O,request+date,O,O,B-moviename
request+starttime,What,start,time,can,I,book,5,tickets,near,me
,O,O,O,O,O,O,request+date,O,O,O
confirm_question,What,start,time,can,I,book,one,tickets,for,zootopia
,O,O,O,O,O,O,O,O,O,B-moviename
request,What,start,time,can,I,book,two,tickets,at,las,vegas
,O,O,O,O,O,O,O,O,O,O,B-distanceconstraints
request+ticket,What,start,time,can,I,book,two,tickets,for,london,has,fallen
,O,O,O,O,O,O,O,O,O,B-moviename,I-moviename,I-moviename
request+starttime,What,start,time,can,I,book,two,tickets,for,the,other,side,of,the,door
,O,O,O,O,O,O,O,O,O,O,O,O,O,O,I-moviename
confirm_question,What,start,time,can,I,book,two,tickets,for,zootopia
,O,O,O,O,O,O,O,O,O,B-moviename
request+starttime,What,start,time,is,available
,O,O,O,O,O
request+theater,What,theater,and,start,time,are,available,at,california
,O,O,O,O,O,O,O,O,O
request+moviename,What,theater,and,start,time,are,available,at,seattle,on,tomorrow,night
,O,O,O,O,O,O,O,O,B-city,O,B-date,B-starttime
request+theater,What,theater,and,start,time,are,available,for,1,tickets,near,me
,O,O,O,O,O,O,O,O,O,O,O,B-distanceconstraints
inform,What,theater,and,start,time,are,available,for,2,tickets,at,illinois
,O,O,O,O,O,O,O,O,B-numberofpeople,O,O,B-starttime
inform,What,theater,and,start,time,are,available,for,3,tickets,at,philadelphia,on,tomorrow
,O,O,O,O,O,O,O,O,O,O,O,B-theater,O,B-date
request+starttime,What,theater,and,start,time,are,available,for,4,tickets,at,california
,O,O,O,O,O,O,O,O,B-numberofpeople,O,O,B-starttime
inform,What,theater,and,start,time,are,available,for,4,tickets,at,oregon
,O,O,O,O,O,O,O,O,B-numberofpeople,O,O,B-starttime
inform,What,theater,and,start,time,are,available,for,4,tickets,at,philadelphia,on,tomorrow
,O,O,O,O,O,O,O,O,B-numberofpeople,O,O,B-theater,O,B-date
request+theater,What,theater,and,start,time,are,available,for,4,tickets,near,me
,O,O,O,O,O,O,O,O,B-numberofpeople,O,O,B-distanceconstraints
request+theater,What,theater,and,start,time,are,available,for,5,tickets,near,me
,O,O,O,O,O,O,O,O,B-numberofpeople,O,O,B-distanceconstraints
request+moviename,What,theater,and,start,time,are,available,for,one,tickets,at,seattle,on,tomorrow,night
,O,O,O,O,O,O,O,O,O,O,O,B-city,O,B-date,B-starttime
request+moviename,What,theater,and,start,time,are,available,in,philadelphia,19101,on,tomorrow
,O,O,O,O,O,O,O,O,O,O,O,B-date
request+theater,What,theater,and,start,time,are,available,to,book,1,tickets
,O,O,O,O,O,O,O,O,O,O,O
request+theater,What,theater,and,start,time,are,available,to,book,2,tickets
,O,O,O,O,O,O,O,O,O,B-numberofpeople,O
request+theater,What,theater,and,start,time,are,available,to,book,3,tickets
,O,O,O,O,O,O,O,O,O,O,O
inform,What,theater,and,start,time,are,available,to,book,3,tickets,in,philadelphia,19101
,O,O,O,O,O,O,O,O,O,O,O,O,B-theater,I-theater
request+theater,What,theater,and,start,time,are,available,to,book,4,tickets
,O,O,O,O,O,O,O,O,O,B-starttime,O
inform,What,theater,and,start,time,are,available,to,book,4,tickets,in,94952
,O,O,O,O,O,O,O,O,O,B-starttime,O,O,O
inform,What,theater,and,start,time,are,available,to,book,4,tickets,in,philadelphia,19101
,O,O,O,O,O,O,O,O,O,B-starttime,O,O,B-city,I-theater
request+theater,What,theater,and,start,time,are,available,to,book,5,tickets
,O,O,O,O,O,O,O,O,O,B-starttime,O
request+theater,What,theater,and,start,time,are,available,to,book,two,tickets
,O,O,O,O,O,O,O,O,O,O,O
inform,What,theater,and,start,time,are,available,to,book,two,tickets,in,90602
,O,O,O,O,O,O,O,O,O,O,O,O,O
multiple_choice,What,time,is,it,playing,this,friday?,I,need,4,tickets
,O,O,O,O,O,O,B-date,O,O,B-numberofpeople,O
multiple_choice,What,time,is,it,playing,this,weekend?,I,need,1,tickets
,O,O,O,O,O,O,O,O,O,B-numberofpeople,O
multiple_choice,What,time,is,it,playing,tomorrow,night?,I,need,1,tickets
,O,O,O,O,O,B-date,B-starttime,O,O,O,O
multiple_choice,What,time,is,it,playing,tomorrow,night?,I,need,5,tickets
,O,O,O,O,O,B-date,B-starttime,O,O,B-theater_chain,O
multiple_choice,What,time,is,it,playing,tomorrow,night?,I,need,one,tickets
,O,O,O,O,O,B-date,B-starttime,O,O,O,O
multiple_choice,What,time,is,it,playing,tomorrow?,I,need,2,tickets
,O,O,O,O,O,B-date,O,O,B-numberofpeople,O
multiple_choice,What,time,is,it,playing,tomorrow?,I,need,3,tickets
,O,O,O,O,O,B-date,O,O,B-numberofpeople,O
multiple_choice,What,time,is,it,playing,tonight?,I,need,1,tickets
,O,O,O,O,O,B-date,O,O,B-numberofpeople,O
multiple_choice,What,time,is,it,playing,tonight?,I,need,3,tickets
,O,O,O,O,O,B-date,O,O,B-numberofpeople,O
multiple_choice,What,time,is,it,playing,tonight?,I,need,5,tickets
,O,O,O,O,O,B-date,O,O,B-numberofpeople,O
request+starttime,What,time,is,playing,at,beaver,creek,stadium,12
,O,O,O,O,O,B-theater,I-theater,I-theater,I-theater
request+starttime,What,time,is,playing,at,california
,O,O,O,O,O,O
request,What,time,is,playing,at,los,angeles
,O,O,O,O,O,B-city,I-city
request+moviename,What,time,is,playing,at,philadelphia,19101,on,tomorrow
,O,O,O,O,O,O,O,O,B-date
request+moviename,What,time,is,playing,at,regal,theater,in,sacramento,on,tomorrow?,
,O,O,O,O,O,B-theater,I-theater,O,B-city,O,B-date,B-starttime
request+starttime,What,time,is,playing,at,regency,commerce,14,on,tomorrow
,O,O,O,O,O,B-theater,I-theater,I-theater,O,B-date
request,What,time,is,playing,at,seattle
,O,O,O,O,O,B-city
request+starttime,What,time,is,playing,at,shelby,township
,O,O,O,O,O,O,I-theater
request,What,time,is,playing,at,southpoint,casino,in,las,vegas
,O,O,O,O,O,B-theater,I-theater,O,B-city,I-city
request+moviename,What,time,is,playing,in,seattle,on,tomorrow,night
,O,O,O,O,O,B-city,O,B-date,B-starttime
request+moviename,What,time,is,playing,in,zipcode,90602
,O,O,O,O,O,B-city,I-distanceconstraints
request+moviename,What,time,is,playing,in,zipcode,94952
,O,O,O,O,O,B-city,I-distanceconstraints
request+starttime,What,time,would,you,like,on,this,friday
,O,O,O,O,O,O,O,B-date
request+starttime,What,time,would,you,like,on,this,weekend
,O,O,O,O,O,O,O,O
request+starttime,What,time,would,you,like,on,tomorrow
,O,O,O,O,O,O,B-date
request+starttime,What,time,would,you,like,on,tomorrow,night
,O,O,O,O,O,O,B-date,O
request+starttime,What,time,would,you,like,on,tonight
,O,O,O,O,O,O,B-date
request+starttime,When,is,,Young,Messiah,playing
,O,O,O,O,O,O
request+moviename,When,is,,Young,Messiah,playing,in,ny
,O,O,O,O,O,O,O,B-city
request+theater,When,is,10,cloverfield,lane,playing
,O,O,B-moviename,I-moviename,I-moviename,O
request+theater,When,is,Avengers,playing
,O,O,O,O
request+theater,When,is,avengers,playing
,O,O,O,O
request+theater,When,is,brothers,grimsby,playing
,O,O,B-moviename,I-moviename,O
request+starttime,When,is,deadpool,playing
,O,O,B-moviename,O
request,When,is,deadpool,playing,at,los,angeles
,O,O,B-moviename,O,O,B-city,I-city
request+starttime,When,is,deadpool,playing,at,philadelphia
,O,O,B-moviename,O,O,B-theater
request,When,is,deadpool,playing,at,seattle
,O,O,B-moviename,O,O,B-city
request+starttime,When,is,eddie,the,eagle,playing
,O,O,B-moviename,I-moviename,I-moviename,O
inform,When,is,eddie,the,eagle,playing,at,Petaluma
,O,O,B-moviename,I-moviename,I-moviename,O,O,O
request+starttime,When,is,first,playing
,O,O,O,O
request+description,When,is,gods,egypt,playing
,O,O,B-moviename,I-moviename,O
request+starttime,When,is,gods,of,egypt,playing,at,sacramento
,O,O,B-moviename,I-moviename,I-moviename,O,O,O
request+starttime,When,is,kung,fu,panda,3,playing
,O,O,B-moviename,I-moviename,I-moviename,I-moviename,O
request+starttime,When,is,kung,fu,panda,3,playing,near,me
,O,O,B-moviename,I-moviename,I-moviename,I-moviename,O,B-distanceconstraints,I-distanceconstraints
inform,When,is,london,has,fallen,playing
,O,O,B-moviename,I-moviename,I-moviename,O
request+theater,When,is,star,wars,playing
,O,O,O,O,O
inform,When,is,star,wars,playing,at,du,Quoin
,O,O,O,O,O,O,O,I-theater
inform,When,is,star,wars,playing,at,du,quoin
,O,O,O,O,O,O,O,I-theater
request,When,is,star,wars,playing,at,portland
,O,O,O,O,O,O,B-city
request,When,is,star,wars,playing,in,illinois
,O,O,O,O,O,O,B-city
request,When,is,star,wars,playing,in,oregon
,O,O,O,O,O,O,B-city
request+starttime,When,is,the,other,side,of,the,door,playing
,O,O,O,O,I-moviename,I-moviename,I-moviename,I-moviename,O
inform,When,is,the,other,side,of,the,door,playing,at,las,vegas
,O,O,O,O,I-moviename,I-moviename,I-moviename,I-moviename,O,O,B-starttime,I-starttime
request+theater,When,is,whiskey,tango,foxtrot,playing
,O,O,B-moviename,I-moviename,I-moviename,O
request,When,is,whiskey,tango,foxtrot,playing,at,portland
,O,O,B-moviename,I-moviename,I-moviename,O,O,B-starttime
request+theater,When,is,whiskey,tango,foxtrot,playing,in,oregon
,O,O,B-moviename,I-moviename,I-moviename,O,O,B-city
request+starttime,When,is,zoology,playing
,O,O,O,O
request+starttime,When,is,zoology,playing,close,to,95833
,O,O,O,O,O,O,I-distanceconstraints
request+theater,When,is,zootopia,playing
,O,O,B-moviename,O
request,When,is,zootopia,playing,at,birmingham
,O,O,B-moviename,O,O,B-city
request,When,is,zootopia,playing,at,portland
,O,O,B-moviename,O,O,B-city
request,When,is,zootopia,playing,at,seattle
,O,O,B-moviename,O,O,B-city
request+starttime,When,is,zootopia,playing,in,al
,O,O,B-moviename,O,O,B-city
request+starttime,When,is,zootopia,playing,in,california
,O,O,B-moviename,O,O,O
request,When,is,zootopia,playing,in,oregon
,O,O,B-moviename,O,O,B-city
request+starttime,When,is,zootopia,playing,near,me
,O,O,B-moviename,O,B-distanceconstraints,I-distanceconstraints
inform,When,it,will,play,at,birmingham,al
,O,O,O,O,O,B-city,B-state
inform,When,it,will,play,at,du,Quoin,illinois
,O,O,O,O,O,O,O,I-theater
inform,When,it,will,play,at,du,quoin,illinois
,O,O,O,O,O,O,O,I-theater
inform,When,it,will,play,at,portland,oregon
,O,O,O,O,O,B-city,B-state
request+theater,Where,I,can,purchase,1,tickets
,O,O,O,O,O,O
greeting,Where,I,can,purchase,4,tickets
,O,O,O,O,B-numberofpeople,O
request+starttime,Which,day,,Young,Messiah,will,be,showing,at,,Matinee
,O,O,O,O,O,O,O,O,O,B-starttime,O
request+starttime,Which,day,is,10,cloverfield,lane,playing,at,beaver,creek,stadium,12
,O,O,O,B-moviename,I-moviename,I-moviename,O,O,B-theater,I-theater,I-theater,I-theater
request+starttime,Which,day,is,star,wars,playing,at,shelby,township
,O,O,O,O,O,O,O,O,I-theater
request+starttime,Which,day,is,the,other,side,of,the,door,playing,at,southpoint,casino
,O,O,O,O,O,O,O,O,O,O,O,B-theater,O
request+starttime,Which,day,zootopia,will,be,showing,at,matinee
,O,O,B-moviename,O,O,O,O,B-starttime
request+theater,Which,theater,and,start,time,are,available
,O,O,O,O,O,O,O
request+theater,Which,theater,and,start,time,are,available,at,Petaluma
,O,O,O,O,O,O,O,O,O
request+theater,Which,theater,and,start,time,are,available,at,birmingham,al
,O,O,O,O,O,O,O,O,B-city,B-state
inform,Which,theater,and,start,time,are,available,at,du,Quoin,illinois
,O,O,O,O,O,O,O,O,O,O,I-starttime
inform,Which,theater,and,start,time,are,available,at,du,quoin,illinois
,O,O,O,O,O,O,O,O,O,O,I-starttime
request,Which,theater,and,start,time,are,available,at,los,angeles
,O,O,O,O,O,O,O,O,O,I-city
request,Which,theater,and,start,time,are,available,at,portland,oregon
,O,O,O,O,O,O,O,O,O,B-state
request+theater,Which,theater,and,start,time,are,available,at,seattle
,O,O,O,O,O,O,O,O,B-city
request+theater,Which,theater,and,start,time,are,available,close,to,95833
,O,O,O,O,O,O,O,O,O,O
inform,Which,theater,and,start,time,are,available,for,1,tickets,on,tomorrow,night
,O,O,O,O,O,O,O,O,O,O,O,B-date,I-date
request+moviename,Which,theater,and,start,time,are,available,for,1,tickets,on,tonight
,O,O,O,O,O,O,O,O,O,O,O,B-date
request+moviename,Which,theater,and,start,time,are,available,for,3,tickets,in,philadelphia,19101,on,tomorrow
,O,O,O,O,O,O,O,O,O,O,O,B-city,I-starttime,O,B-date
request+moviename,Which,theater,and,start,time,are,available,for,3,tickets,on,tomorrow
,O,O,O,O,O,O,O,O,O,O,O,B-date
request+theater,Which,theater,and,start,time,are,available,for,3,tickets,on,tonight
,O,O,O,O,O,O,O,O,O,O,O,B-date
inform,Which,theater,and,start,time,are,available,for,4,tickets,in,philadelphia,19101,on,tomorrow
,O,O,O,O,O,O,O,O,O,O,O,O,I-starttime,O,B-date
inform,Which,theater,and,start,time,are,available,for,5,tickets,on,tomorrow,night
,O,O,O,O,O,O,O,O,B-moviename,O,O,B-date,I-date
request+moviename,Which,theater,and,start,time,are,available,for,5,tickets,on,tonight
,O,O,O,O,O,O,O,O,B-moviename,O,O,B-date
request+theater,Which,theater,and,start,time,are,available,near,me
,O,O,O,O,O,O,O,O,O
request+theater,Which,theater,and,start,time,are,available,on,this,friday
,O,O,O,O,O,O,O,O,O,B-date
request+theater,Which,theater,and,start,time,are,available,on,this,weekend
,O,O,O,O,O,O,O,O,O,B-date
request+theater,Which,theater,and,start,time,are,available,on,tomorrow
,O,O,O,O,O,O,O,O,B-date
request+theater,Which,theater,and,start,time,are,available,on,tomorrow,night
,O,O,O,O,O,O,O,O,B-date,B-starttime
request+theater,Which,theater,and,start,time,are,available,on,tonight
,O,O,O,O,O,O,O,O,B-date
inform,Which,theater,and,start,time,are,available,to,book,1,tickets,at,los,angeles
,O,O,O,O,O,O,O,O,O,O,O,O,B-theater,I-theater
inform,Which,theater,and,start,time,are,available,to,book,2,tickets,at,birmingham
,O,O,O,O,O,O,O,O,O,B-numberofpeople,O,O,B-city
inform,Which,theater,and,start,time,are,available,to,book,2,tickets,at,seattle
,O,O,O,O,O,O,O,O,O,B-numberofpeople,O,O,B-city
inform,Which,theater,and,start,time,are,available,to,book,3,tickets,at,portland
,O,O,O,O,O,O,O,O,O,O,O,O,B-theater
inform,Which,theater,and,start,time,are,available,to,book,4,tickets,at,Petaluma
,O,O,O,O,O,O,O,O,O,B-starttime,O,O,O
inform,Which,theater,and,start,time,are,available,to,book,4,tickets,at,portland
,O,O,O,O,O,O,O,O,O,B-starttime,O,O,B-theater
inform,Which,theater,and,start,time,do,you,want,to,book,2,tickets,at,birmingham,al
,O,O,O,O,O,O,O,O,O,O,B-numberofpeople,O,O,B-theater,B-state
request,Which,theater,and,start,time,do,you,want,to,book,3,tickets,at,portland,oregon
,O,O,O,O,O,O,O,O,O,O,O,O,O,B-theater,B-state
inform,Which,theater,and,start,time,do,you,want,to,book,4,tickets,at,portland,oregon
,O,O,O,O,O,O,O,O,O,O,O,O,O,O,B-state
request+theater,Which,theater,can,I,book,1,tickets,at,ny
,O,O,O,O,O,O,O,O,B-starttime
request+theater,Which,theater,can,I,book,1,tickets,for,,Young,Messiah
,O,O,O,O,O,O,O,O,O,O,O
request+theater,Which,theater,can,I,book,1,tickets,for,batman,moviename
,O,O,O,O,O,O,O,O,B-moviename,I-moviename
request+theater,Which,theater,can,I,book,1,tickets,for,deadpool
,O,O,O,O,O,O,O,O,B-moviename
inform,Which,theater,can,I,book,1,tickets,for,kung,fu,panda,3
,O,O,O,O,O,O,O,O,B-moviename,I-moviename,I-moviename,I-moviename
request+theater,Which,theater,can,I,book,1,tickets,for,zootopia
,O,O,O,O,O,O,O,O,B-moviename
request+theater,Which,theater,can,I,book,2,tickets,for,creed
,O,O,O,O,O,B-numberofpeople,O,O,B-moviename
request+theater,Which,theater,can,I,book,2,tickets,for,deadpool
,O,O,O,O,O,B-numberofpeople,O,O,B-moviename
request+theater,Which,theater,can,I,book,2,tickets,for,first
,O,O,O,O,O,B-numberofpeople,O,O,B-moviename
request+theater,Which,theater,can,I,book,2,tickets,for,star,wars
,O,O,O,O,O,B-numberofpeople,O,O,B-moviename,I-moviename
request+theater,Which,theater,can,I,book,2,tickets,for,the,witch
,O,O,O,O,O,B-numberofpeople,O,O,B-moviename,I-moviename
request+theater,Which,theater,can,I,book,2,tickets,for,zootopia
,O,O,O,O,O,B-numberofpeople,O,O,B-moviename
request,Which,theater,can,I,book,3,tickets,for,10,cloverfield,lane
,O,O,O,O,O,O,O,O,B-moviename,I-moviename,I-moviename
request+theater,Which,theater,can,I,book,3,tickets,for,deadpool
,O,O,O,O,O,O,O,O,B-moviename
request,Which,theater,can,I,book,3,tickets,for,gods,egypt
,O,O,O,O,O,O,O,O,B-moviename,I-moviename
request,Which,theater,can,I,book,3,tickets,for,whiskey,tango,foxtrot
,O,O,O,O,O,O,O,O,B-moviename,I-moviename,I-moviename
request+theater,Which,theater,can,I,book,3,tickets,for,zoology
,O,O,O,O,O,O,O,O,B-moviename
request+theater,Which,theater,can,I,book,3,tickets,for,zootopia
,O,O,O,O,O,O,O,O,B-moviename
request+theater,Which,theater,can,I,book,4,tickets,for,Avengers
,O,O,O,O,O,O,O,O,B-moviename
request+theater,Which,theater,can,I,book,4,tickets,for,brothers,grimsby
,O,O,O,O,O,O,O,O,B-moviename,I-moviename
request+theater,Which,theater,can,I,book,4,tickets,for,deadpool
,O,O,O,O,O,O,O,O,B-moviename
request,Which,theater,can,I,book,4,tickets,for,eddie,the,eagle
,O,O,O,O,O,O,O,O,B-moviename,I-moviename,I-moviename
request,Which,theater,can,I,book,4,tickets,for,kung,fu,panda,3
,O,O,O,O,O,O,O,O,B-moviename,I-moviename,I-moviename,I-moviename
request+theater,Which,theater,can,I,book,4,tickets,for,star,wars
,O,O,O,O,O,O,O,O,B-moviename,I-moviename
request,Which,theater,can,I,book,4,tickets,for,whiskey,tango,foxtrot
,O,O,O,O,O,O,O,O,B-moviename,I-moviename,I-moviename
request+theater,Which,theater,can,I,book,4,tickets,for,zootopia
,O,O,O,O,O,O,O,O,B-moviename
request+theater,Which,theater,can,I,book,5,tickets,for,avengers
,O,O,O,O,O,I-other,O,O,B-moviename
request+theater,Which,theater,can,I,book,5,tickets,for,deadpool
,O,O,O,O,O,I-other,O,O,B-moviename
request,Which,theater,can,I,book,5,tickets,for,london,has,fallen
,O,O,O,O,O,I-other,O,O,B-moviename,I-moviename,I-moviename
request+theater,Which,theater,can,I,book,5,tickets,for,star,wars
,O,O,O,O,O,I-other,O,O,B-moviename,I-moviename
request+theater,Which,theater,can,I,book,5,tickets,for,zootopia
,O,O,O,O,O,I-other,O,O,B-moviename
request+theater,Which,theater,can,I,book,four,tickets,for,creed
,O,O,O,O,O,O,O,O,B-moviename
request+theater,Which,theater,can,I,book,one,tickets,for,zootopia
,O,O,O,O,O,O,O,O,B-moviename
inform,Which,theater,can,I,book,two,tickets,for,london,has,fallen
,O,O,O,O,O,O,O,O,B-moviename,I-moviename,I-moviename
request+theater,Which,theater,can,I,book,two,tickets,for,zootopia
,O,O,O,O,O,O,O,O,B-moviename
request+theater,Which,theater,is,,Young,Messiah,playing
,O,O,O,O,O,O,O
request+theater,Which,theater,is,,Young,Messiah,playing,in,ny
,O,O,O,O,O,O,O,O,O
request+theater,Which,theater,is,10,cloverfield,lane,playing
,O,O,O,B-city,I-moviename,I-moviename,O
request+theater,Which,theater,is,Avengers,playing
,O,O,O,B-city,O
request+theater,Which,theater,is,available
,O,O,O,O
request+theater,Which,theater,is,avengers,playing
,O,O,O,B-city,O
request+theater,Which,theater,is,batman,moviename,playing
,O,O,O,B-city,O,O
request+theater,Which,theater,is,brothers,grimsby,playing
,O,O,O,B-city,I-moviename,O
request+theater,Which,theater,is,creed,playing
,O,O,O,O,O
request+theater,Which,theater,is,creed,playing,downtown
,O,O,O,O,O,B-distanceconstraints
request+theater,Which,theater,is,deadpool,playing
,O,O,O,B-moviename,O
request+theater,Which,theater,is,deadpool,playing,in,al
,O,O,O,B-moviename,O,O,O
request+theater,Which,theater,is,eddie,the,eagle,playing
,O,O,O,B-city,I-moviename,I-moviename,O
request+theater,Which,theater,is,first,playing
,O,O,O,O,O
request+theater,Which,theater,is,gods,egypt,playing
,O,O,O,B-moviename,I-moviename,O
inform,Which,theater,is,it,playing,at,stony,brook
,O,O,O,O,O,O,O,B-starttime
request+theater,Which,theater,is,kung,fu,panda,3,playing
,O,O,O,B-moviename,I-moviename,I-moviename,I-moviename,O
request+theater,Which,theater,is,kung,fu,panda,3,playing,near,me
,O,O,O,B-moviename,I-moviename,I-moviename,I-moviename,O,O,O
request+theater,Which,theater,is,london,has,fallen,playing
,O,O,O,B-moviename,I-moviename,I-moviename,O
inform,Which,theater,is,playing,,Young,Messiah,at,stony,brook
,O,O,O,O,O,O,O,O,O,O
request+theater,Which,theater,is,playing,3d,creed
,O,O,O,O,B-video_format,O
request+theater,Which,theater,is,playing,3d,the,witch
,O,O,O,O,B-video_format,O,O
request+theater,Which,theater,is,playing,creed,at,la
,O,O,O,O,O,O,B-starttime
request+theater,Which,theater,is,playing,creed,at,regency
,O,O,O,O,O,O,B-theater
inform,Which,theater,is,playing,creed,at,regency,academy,6,theater
,O,O,O,O,O,O,B-theater,I-theater,O,O
request,Which,theater,is,playing,deadpool,at,birmingham
,O,O,O,O,B-moviename,O,B-starttime
request+theater,Which,theater,is,playing,deadpool,at,detroit
,O,O,O,O,B-moviename,O,B-starttime
request,Which,theater,is,playing,deadpool,at,los,angeles
,O,O,O,O,B-moviename,O,B-city,I-city
request+theater,Which,theater,is,playing,deadpool,at,philadelphia
,O,O,O,O,B-moviename,O,B-starttime
request,Which,theater,is,playing,deadpool,at,seattle
,O,O,O,O,B-moviename,O,B-city
request+theater,Which,theater,is,playing,eddie,the,eagle,at,Petaluma
,O,O,O,O,B-city,O,I-moviename,O,O
request+theater,Which,theater,is,playing,star,wars,at,du,Quoin
,O,O,O,O,O,O,O,O,O
request+theater,Which,theater,is,playing,star,wars,at,du,quoin
,O,O,O,O,O,O,O,O,O
request+theater,Which,theater,is,playing,star,wars,at,portland
,O,O,O,O,O,O,O,B-starttime
request+theater,Which,theater,is,playing,the,witch,at,knoxville
,O,O,O,O,O,O,O,O
request+theater,Which,theater,is,playing,whiskey,tango,foxtrot,at,portland
,O,O,O,O,B-city,I-moviename,I-moviename,O,O
request,Which,theater,is,playing,zootopia,at,birmingham
,O,O,O,O,B-city,O,B-city
request+theater,Which,theater,is,playing,zootopia,at,los,angeles
,O,O,O,O,B-city,O,B-city,I-city
request+theater,Which,theater,is,playing,zootopia,at,portland
,O,O,O,O,B-city,O,B-starttime
request+theater,Which,theater,is,playing,zootopia,at,seattle
,O,O,O,O,B-city,O,B-city
request+theater,Which,theater,is,star,wars,playing
,O,O,O,O,O,O
request+theater,Which,theater,is,star,wars,playing,in,illinois
,O,O,O,O,O,O,O,O
request+theater,Which,theater,is,star,wars,playing,in,oregon
,O,O,O,O,O,O,O,request+theater
request+theater,Which,theater,is,the,witch,playing
,O,O,O,O,O,O
request+theater,Which,theater,is,the,witch,playing,downtown
,O,O,O,O,O,O,B-distanceconstraints
request+theater,Which,theater,is,the,witch,playing,in,tn
,O,O,O,O,O,O,O,O
request+theater,Which,theater,is,whiskey,tango,foxtrot,playing
,O,O,O,B-moviename,I-moviename,I-moviename,O
request+theater,Which,theater,is,whiskey,tango,foxtrot,playing,in,oregon
,O,O,O,B-moviename,I-moviename,I-moviename,O,O,O
request+theater,Which,theater,is,zoology,playing
,O,O,O,B-city,O
request+theater,Which,theater,is,zoology,playing,close,to,95833
,O,O,O,B-city,O,O,O,request+theater
request+theater,Which,theater,is,zootopia,playing
,O,O,O,B-moviename,O
request+theater,Which,theater,is,zootopia,playing,in,al
,O,O,O,B-moviename,O,O,O
request+theater,Which,theater,is,zootopia,playing,in,california
,O,O,O,B-moviename,O,O,O
request+theater,Which,theater,is,zootopia,playing,in,oregon
,O,O,O,B-moviename,O,O,B-city
request+theater,Which,theater,is,zootopia,playing,near,me
,O,O,O,B-moviename,O,B-distanceconstraints,O
request+theater,Which,theater,near,zipcode,19101,is,playing,deadpool
,O,O,B-distanceconstraints,I-distanceconstraints,I-distanceconstraints,O,O,B-moviename
inform+taskcomplete,Which,theater,near,zipcode,90602,is,playing,london,has,fallen
,O,O,B-distanceconstraints,I-distanceconstraints,I-distanceconstraints,O,O,B-moviename,O,I-moviename
request+theater,Which,theater,near,zipcode,94952,is,playing,eddie,the,eagle
,O,O,B-distanceconstraints,I-distanceconstraints,I-distanceconstraints,O,O,O,O,I-moviename
request+theater,Which,theater,will,10,cloverfield,lane,play,tomorrow
,O,O,O,B-city,I-moviename,I-moviename,O,B-date
request+theater,Which,theater,will,batman,moviename,play,this,weekend
,O,O,O,B-city,O,O,B-date,I-date
request+moviename,Which,theater,will,creed,play,tomorrow
,O,O,O,O,O,B-date
request+theater,Which,theater,will,deadpool,play,today
,O,O,O,B-moviename,O,B-date
request+theater,Which,theater,will,deadpool,play,tomorrow
,O,O,O,B-moviename,O,B-date
request+theater,Which,theater,will,deadpool,play,tomorrow,night
,O,O,O,B-moviename,O,B-date,B-starttime
inform,Which,theater,will,play,the,,Young,Messiah,at,,Matinee
,O,O,O,B-city,O,O,O,O,O,O,O
inform,Which,theater,will,play,the,creed,at,7pm
,O,O,O,B-city,O,O,O,B-starttime
inform,Which,theater,will,play,the,creed,at,around,noon
,O,O,O,B-city,O,O,O,B-starttime,I-starttime
inform,Which,theater,will,play,the,deadpool,at,4,pm
,O,O,O,B-city,O,B-moviename,O,B-starttime,I-starttime
request+theater,Which,theater,will,play,the,deadpool,at,7pm
,O,O,O,B-city,O,B-moviename,O,B-starttime
request+theater,Which,theater,will,play,the,deadpool,at,8pm
,O,O,O,B-city,O,B-moviename,O,B-starttime
inform,Which,theater,will,play,the,the,witch,at,evening,around,7
,O,O,O,B-city,O,O,I-moviename,O,B-starttime,B-starttime,I-starttime
request+theater,Which,theater,will,play,the,zootopia,at,8pm
,O,O,O,B-city,O,B-moviename,O,B-starttime
inform,Which,theater,will,play,the,zootopia,at,around,2pm
,O,O,O,B-city,O,B-moviename,O,O,B-starttime
request+moviename,Which,theater,will,play,the,zootopia,at,around,4pm
,O,O,O,B-city,O,B-moviename,O,O,I-starttime
request+theater,Which,theater,will,play,the,zootopia,at,matinee
,O,O,O,B-city,O,B-moviename,O,O
request+theater,Which,theater,will,play,the,zootopia,at,night
,O,O,O,B-city,O,B-moviename,O,B-starttime
request+theater,Which,theater,will,star,wars,play,this,friday
,O,O,O,B-city,O,O,B-date,B-date
request+theater,Which,theater,will,the,witch,play,tomorrow
,O,O,O,O,O,O,B-date
request+theater,Which,theater,will,zootopia,play,saturday
,O,O,O,B-moviename,O,B-date
request+theater,Which,theater,will,zootopia,play,today
,O,O,O,B-moviename,O,B-date
request+theater,Which,theater,will,zootopia,play,tomorrow
,O,O,O,B-moviename,O,B-date
request+theater,Which,theater,will,zootopia,play,tomorrow,night
,O,O,O,B-moviename,O,B-date,B-starttime
request+theater,Which,theater,will,zootopia,play,tonight
,O,O,O,B-moviename,O,B-date
inform,amc
,B-theater_chain
inform,amc,lowes,oak,tree,6,please
,B-theater_chain,I-theater,I-theater,I-theater,I-theater,O
inform,any,
,O,O
multiple_choice+moviename,any,of,those,theaters
,O,O,O,O
multiple_choice+starttime+theater+city+zip,any,of,those,times,for,you
,O,O,O,O,O,O
multiple_choice+theater,any,time,of,those,locations
,O,O,O,O,O
inform,around,2pm
,O,I-starttime
inform,around,4pm
,O,I-starttime
inform,around,noon
,O,I-starttime
inform,at,,please
,O,O,O
inform,at,I,do,not,care,please
,O,O,O,O,O,O
confirm_answer,awesome
,O
confirm_answer,awesome,but,sure
,O,O,O
inform,can,i,get,1,tickets
,O,O,O,B-numberofpeople,O
request+ticket,can,i,get,1,tickets,for,northern,stony,brook,
,O,O,O,B-numberofpeople,O,O,B-city,I-city,I-city,O
request,can,i,get,1,tickets,for,the,theater,theater,in,stony,brook
,O,O,O,B-numberofpeople,O,O,B-moviename,O,O,O,B-city,I-city
inform,can,i,get,4,tickets
,O,O,O,B-numberofpeople,O
request,can,i,purchase,four,tickets,for,,please
,O,O,O,B-numberofpeople,O,O,B-moviename,O
request,can,you,find,tickets,for,northern,movie,movie,tomorrow,in,,
,O,O,O,O,O,O,O,O,B-date,O,B-city,O
request,can,you,get,1,tickets,and,theater,theater,in,stony,brook
,O,O,O,B-numberofpeople,O,O,O,O,O,B-city,I-city
request,can,you,get,2,tickets,and,theater,theater,in,du,Quoin
,O,O,O,B-numberofpeople,O,O,O,O,O,B-city,I-city
request,can,you,get,2,tickets,and,theater,theater,in,du,quoin
,O,O,O,B-numberofpeople,O,O,O,O,O,B-city,I-city
request,can,you,get,2,tickets,and,theater,theater,in,portland
,O,O,O,B-numberofpeople,O,O,O,O,O,B-city
request,can,you,get,4,tickets,and,theater,theater,in,portland
,O,O,O,B-numberofpeople,O,O,O,O,O,B-city
request,can,you,get,5,tickets,and,theater,theater,in,portland
,O,O,O,B-numberofpeople,O,O,O,O,O,B-city
request,can,you,need,a,movie,you're,interested,in,stony,brook,ny
,O,O,O,O,O,O,O,O,O,O,B-state
inform,carmike,16,please
,B-theater,I-theater,O
inform,carmike,summit,16,please
,B-theater,I-theater,I-theater,O
request+moviename,certainly,,movie,would,you,like,to
,O,O,O,O,O,O,O
request+city,certainly,approximately,you,located,in
,O,O,O,O,O
null,certainly,i'm,sorry,huh
,O,O,O,O
confirm_question,certainly,should,i,search,for,that
,O,O,O,O,O,O
request+date,certainly,what,should,i,purchase,tickets,for,you
,O,O,O,O,O,O,O,O
request+starttime,certainly,when,would,you,like,to,book
,O,O,O,O,O,O,O
request+date,certainly,when,would,you,like,to,go
,O,O,O,O,O,O,O
inform,close,to,95833
,O,O,O
inform,creed
,B-moviename
inform,creed,should,I,do,not,care
,B-moviename,O,O,O,O,O
confirm_answer,date,is,not,available
,O,O,O,O
inform,deadpool
,B-moviename
inform,don't,don't,good
,O,O,O
inform,downtown
,B-distanceconstraints
inform,du,Quoin
,O,I-city
inform,du,quoin
,O,I-city
closing,enjoy
,O
closing,enjoy,the,name
,O,O,I-closing
inform,four,tickets,please
,B-numberofpeople,O,O
inform,fresno,I,do,not,care,93710
,O,O,O,O,O,O
inform,fresno,al,93710
,O,B-state,O
inform,fresno,illinois,93710
,O,B-state,O
inform,fresno,ny,93710
,O,B-state,O
inform,fresno,oregon,93710
,O,B-state,O
inform,fresno,tn,93710
,O,B-state,O
inform,friday,3\/11
,B-date,O
confirm_answer,great
,O
confirm_question+ticket,great,i,would,you,book,to,purchase,movie,tickets
,O,O,O,O,O,O,O,O,O
greeting,hello,can,i,buy,tickets,for,that,movie
,B-greeting,O,O,O,O,O,O,O
request+ticket,hello,can,i,get,tickets,at,amc,lowes,oak,tree,6,please
,B-greeting,O,O,O,O,O,B-theater,O,I-theater,I-theater,I-theater,O
request+ticket,hello,can,i,get,tickets,at,amc,lowes,oak,tree,please
,B-greeting,O,O,O,O,O,B-theater,O,I-theater,I-theater,O
inform,hello,can,i,get,tickets,at,carmike,16,please
,B-greeting,O,O,O,O,O,B-theater,I-theater,O
inform,hello,can,i,get,tickets,at,carmike,summit,16,please
,B-greeting,O,O,O,O,O,B-theater,I-theater,I-theater,O
request+ticket,hello,can,i,get,tickets,at,pacific,place,11,theater,please
,B-greeting,O,O,O,O,O,B-theater,I-theater,I-theater,I-theater,O
request+ticket,hello,can,i,get,tickets,at,regal,meridian,16,please
,B-greeting,O,O,O,O,O,B-theater,I-theater,I-theater,O
thanks,hello,excellent,excellent,thank,thank,you
,B-greeting,O,O,O,I-closing,I-closing
request,hi,i'd,like,some,movie,tickets,to,playing,in,theaters
,O,O,O,O,O,O,O,O,O,O
greeting,hi,okay,your,location
,O,O,O,O
inform,how,about,the,amc,lowes,oak,tree,6
,O,O,O,B-theater,I-theater,I-theater,I-theater,I-theater
inform,how,about,the,amc,pacific,place,11,theater
,O,O,O,B-theater,I-theater,I-theater,I-theater,I-theater
inform,how,about,the,carmike,summit,16
,O,O,O,B-theater,I-theater,I-theater
inform,how,about,the,pacific,place,11,theater
,O,O,O,B-theater,I-theater,I-theater,I-theater
inform,how,about,the,regal,meridian,16
,O,O,O,B-theater,I-theater,I-theater
greeting,how,may,search,for,you
,O,O,O,O,O
inform,i,am,actually,designed,to,book,movie,tickets
,O,O,O,O,O,B-other,I-other,I-other
request,i,am,interested,in,purchasing,tickets,for,you
,O,O,O,O,O,O,O,O
deny,i,can,search,by,I,do,not,care
,O,O,O,O,O,O,O,O
inform,i,got,search,out,how
,O,O,O,O,O
inform+taskcomplete,i,have,purchased,those,tickets,for,that,time
,O,O,O,O,O,O,O,O
inform,i,need,some,movie,tickets,or,please
,O,O,O,O,O,O,O
request,i,want,to,book,tickets,for,the,movie,please
,O,O,O,O,O,O,O,O,O
request+ticket,i,want,to,purchase,tickets,for,a,movie
,O,O,O,O,O,O,O,O
request+moviename,i,want,to,search,for,a,movie,tickets
,O,O,O,O,O,O,O,O
inform,i,want,to,watch,,Young,Messiah
,O,O,O,O,O,O,O
null,i,want,to,watch,I,do,not,care
,O,O,O,O,O,O,O,O
inform,i,want,to,watch,by,movie
,O,O,O,O,O,O
inform,i,want,to,watch,creed
,O,O,O,O,O
inform,i,want,to,watch,deadpool
,O,O,O,O,B-moviename
request,i,want,to,watch,zootopia
,O,O,O,O,B-moviename
confirm_question+ticket,i,would,like,me,to,purchase,movie,tickets
,O,O,O,O,O,O,O,O
request,i,would,like,tickets,for,northern,las,vegas
,O,O,O,O,O,O,B-city,I-city
request,i,would,like,tickets,for,northern,stony,brook
,O,O,O,O,O,O,I-city,O
request,i,would,like,tickets,for,that,theater,in,las,vegas
,O,O,O,O,O,O,O,O,B-city,I-city
request+moviename,i,would,like,to,book,a,I,do,not,care
,O,O,O,O,O,O,B-other,O,O,O
greeting,i,would,like,to,book,a,movie
,O,O,O,O,O,O,O
confirm_question,i,would,like,to,book,this,movie
,O,O,O,O,O,O,O
confirm_question,i,would,like,to,buy,tickets,for,you
,O,O,O,O,O,O,O,O
request+ticket,i,would,like,to,purchase,,tickets
,O,O,O,O,O,O,O
request+ticket,i,would,like,to,purchase,1,tickets
,O,O,O,O,O,B-numberofpeople,O
request+ticket,i,would,like,to,purchase,4,tickets
,O,O,O,O,O,B-numberofpeople,O
request+ticket,i,would,like,to,purchase,someplace,tickets
,O,O,O,O,O,O,O
confirm_question,i,would,like,to,purchase,tickets,for,you
,O,O,O,O,O,O,O,O
inform,i,would,like,to,see,an,on,,at,,Matinee
,O,O,O,O,O,O,O,I-date,O,B-starttime,B-starttime
inform,i,would,like,to,see,an,on,,at,10:00,pm
,O,O,O,O,O,O,O,I-date,O,B-starttime,I-starttime
inform,i,would,like,to,see,an,on,,at,4:25,pm
,O,O,O,O,O,O,O,I-date,O,B-starttime,I-starttime
inform,i,would,like,to,see,an,on,,at,4:50,pm
,O,O,O,O,O,O,O,I-date,O,B-starttime,I-starttime
inform,i,would,like,to,see,an,on,,at,7:15,pm
,O,O,O,O,O,O,O,I-date,O,B-starttime,I-starttime
inform,i,would,like,to,see,an,on,,at,7pm
,O,O,O,O,O,O,O,I-date,O,B-starttime
inform,i,would,like,to,see,an,on,,at,8:45,pm
,O,O,O,O,O,O,O,I-date,O,B-starttime,I-starttime
inform,i,would,like,to,see,an,on,,at,9:00,pm
,O,O,O,O,O,O,O,I-date,O,B-starttime,I-starttime
inform,i,would,like,to,see,an,on,,at,9:30,pm
,O,O,O,O,O,O,O,I-date,O,B-starttime,I-starttime
inform,i,would,like,to,see,an,on,,at,around,2pm
,O,O,O,O,O,O,O,I-date,O,B-starttime,I-starttime
inform,i,would,like,to,see,an,on,,at,around,5pm
,O,O,O,O,O,O,O,I-date,O,B-starttime,I-starttime
inform,i,would,like,to,see,an,on,,at,around,noon
,O,O,O,O,O,O,O,I-date,O,B-starttime,I-starttime
inform,i,would,like,to,see,an,on,,at,evening,around,7
,O,O,O,O,O,O,O,I-date,O,B-starttime,B-starttime,I-starttime
inform,i,would,like,to,see,an,on,,at,night
,O,O,O,O,O,O,O,I-date,O,B-starttime
confirm_question,i,would,like,to,view,your,movie
,O,O,O,O,O,O,O
inform,i,would,need,1,tickets
,O,O,O,B-numberofpeople,O
inform,i,would,need,2,tickets
,O,O,O,B-numberofpeople,O
inform,i,would,need,2,tickets,for,
,O,O,O,B-numberofpeople,O,O,B-starttime
inform,i,would,need,4,tickets
,O,O,O,B-numberofpeople,O
inform,i,would,need,5,tickets
,O,O,O,B-numberofpeople,O
inform,i,would,need,5,tickets,for,
,O,O,O,B-numberofpeople,O,O,B-starttime
inform,i,would,need,four,tickets
,O,O,O,B-numberofpeople,O
request+ticket,i,would,need,to,purchase,1,tickets
,O,O,O,O,O,B-numberofpeople,O
request+ticket,i,would,need,to,purchase,2,tickets
,O,O,O,O,O,B-numberofpeople,O
request+ticket,i,would,need,to,purchase,5,tickets
,O,O,O,O,O,B-numberofpeople,O
inform,i,would,need,two,tickets,for,
,O,O,O,B-numberofpeople,O,O,B-starttime
confirm_answer,i'd,be,thinking,
,O,O,O,O
request+moviename,i'd,don't,check,it
,O,O,O,O
confirm_question,i'd,is,only,these,tickets
,O,O,O,O,O
request+ticket,i'd,like,to,buy,some,movie,tickets
,O,O,O,O,O,O,O
confirm_question,i'd,like,to,buy,tickets,for,you
,O,O,O,O,O,O,O
request+moviename,i'd,like,to,eerve,include:,I,do,not,care,movie
,O,O,O,O,O,O,O,O,O,O
confirm_question,i'd,looking,like,the,tickets,please
,O,O,O,O,O,O
request+ticket,i'd,you,like,to,buy,some,movie,tickets
,O,O,O,O,O,O,O,O
inform,i'm,in,I,do,not,care
,O,O,O,O,O,O
inform,i'm,in,Petaluma
,O,O,B-city
inform,i'm,in,Petaluma,
,O,O,B-city,I-city
inform,i'm,in,birmingham,
,O,O,B-city,B-state
inform,i'm,in,du,Quoin
,O,O,B-city,I-city
inform,i'm,in,du,Quoin,
,O,O,B-city,I-city,I-city
inform,i'm,in,du,quoin
,O,O,B-city,I-city
inform,i'm,in,du,quoin,
,O,O,B-city,I-city,I-city
inform,i'm,in,las,vegas
,O,O,B-city,I-city
inform,i'm,in,los,angeles
,O,O,B-city,I-city
inform,i'm,in,los,angeles,
,O,O,B-city,I-city,I-city
inform,i'm,in,philadelphia,
,O,O,B-city,B-state
inform,i'm,in,portland
,O,O,B-city
inform,i'm,in,portland,
,O,O,B-city,B-state
inform,i'm,in,regency,
,O,O,B-city,I-city
inform,i'm,in,stony,brook
,O,O,B-city,I-city
inform,i'm,in,stony,brook,
,O,O,B-city,I-city,I-city
inform,i've,heard,,Young,Messiah,is,playing
,O,O,B-city,O,O,O,O
inform,i've,heard,10,cloverfield,lane,is,playing
,O,O,B-moviename,I-moviename,I-moviename,O,O
inform,i've,heard,Avengers,is,playing
,O,O,B-moviename,O,O
inform,i've,heard,avengers,is,playing
,O,O,B-moviename,O,O
inform,i've,heard,deadpool,is,playing
,O,O,B-moviename,O,O
inform,i've,heard,eddie,the,eagle,is,playing
,O,O,B-moviename,I-moviename,I-moviename,O,O
inform,i've,heard,london,has,fallen,is,playing
,O,O,B-moviename,I-moviename,I-moviename,O,O
inform,i've,heard,star,wars,is,playing
,O,O,B-moviename,I-moviename,O,O
inform,i've,heard,zootopia,is,playing
,O,O,B-moviename,O,O
inform,ill,go,with,option,I,do,not,care
,O,O,O,O,B-other,O,O,O
request+moviename,is,there,a,movie,you,are,in,advance
,O,O,O,O,O,O,O,O
inform,it,is,available,right,now
,O,O,O,O,O
inform,it,is,playing,right,now
,O,O,O,O,O
inform,it,is,rated,I,do,not,care
,O,O,O,O,O,O,O
inform,it,is,rated,theaters
,O,O,O,O
inform,it's,there,are,interested,in,theaters
,O,O,O,O,O,O
inform,lindbergh,beaver,creek,stadium,12
,O,B-theater,I-theater,I-theater,I-theater
inform,london,has,fallen
,B-moviename,I-moviename,I-moviename
inform,near,
,B-distanceconstraints,I-distanceconstraints
inform,near,me
,B-distanceconstraints,I-distanceconstraints
inform,near,movies
,B-distanceconstraints,I-distanceconstraints
multiple_choice+moviename,near,movies,of,you
,B-distanceconstraints,I-distanceconstraints,I-distanceconstraints,O
request+date,ok,what,date,would,you,find,to,go
,O,O,O,O,O,O,O,O
request+theater,ok,which,movie,and,state,would,you,like,me,to,look
,O,O,O,O,O,O,O,O,O,O,O
inform,one,please
,O,O
inform,oops,1,what,theater,in,stony,brook,ny
,O,B-numberofpeople,O,O,O,B-city,I-city,B-state
confirm_question,or,would,you,like,,tickets
,O,O,O,O,O,O
confirm_question,or,would,you,like,to,see,it
,O,O,O,O,O,O,O
null,please
,O
inform,regal,meridian,16,please
,B-theater,I-theater,I-theater,O
inform,regency,commerce,14,would,you,like
,B-theater_chain,I-theater,I-theater,O,O,O
inform,reserve
,O
confirm_answer,sounds,great
,O,O
inform,southpoint,casino,please
,B-theater,I-theater,O
inform,star,wars
,B-moviename,O
inform,starttime,is,not,available
,O,O,O,O
confirm_answer,success
,O
inform,sunday
,B-date
thanks,thank,you
,B-closing,I-closing
thanks,thank,you,for,you
,B-closing,I-closing,O,O
thanks,thank,you,goodbye
,B-closing,I-closing,I-closing
inform,the,adult,price,is,$8
,O,O,O,O,O
inform,the,following,movie
,O,O,O
request+moviename,the,movie,is,movies,playing,right,now
,O,O,O,O,O,O,O
inform,the,movie,theater,in,mind
,O,O,O,O,O
inform,theater,is,not,available
,O,O,O,O
inform,there,are,I,do,not,care,coming,theaters
,O,O,O,O,O,O,O,I-other
confirm_answer,there,are,many,many,movies
,O,O,O,O,O
deny,there,are,not,I,do,not,care,you'd,for,you
,O,O,O,O,O,O,O,O,O,O
deny,there,are,not,all,genre,for,you
,O,O,O,O,O,O,O
inform,there,is,rated,right,now
,O,O,O,O,O
request+ticket,there's,i,want,,tickets,please
,O,O,O,O,O,O
inform,this,friday
,O,B-date
inform,thursday
,B-date
inform,today
,B-date
inform,tomorrow
,B-date
inform,tomorrow,night
,B-date,B-starttime
inform,tonight
,B-date
inform,two,adult,please
,B-numberofpeople,O,O
inform,two,tickets,please
,B-numberofpeople,O,O
inform,via,
,O,O
inform,via,,movie,tickets
,O,O,O,O
request+moviename,what,I,do,not,care,are,playing,in
,O,O,O,O,O,O,O,O
greeting,what,I,do,not,care,should,i,search,for,tickets
,O,O,O,O,O,O,O,O,O,O
request,what,city,are,you,interested,in,portland
,O,O,O,O,O,O,B-city
request+moviename,what,city,are,you,interested,in,stony,brook
,O,O,O,O,O,O,O,O
request+city,what,city,are,you,interested,in,theaters
,O,O,O,O,O,O,O
request+theater,what,city,you,like,to,see,it,in,
,O,O,O,O,O,O,O,O,O
request+numberofpeople+date,what,date,and,what,time,would,you,like,to,go
,O,O,O,O,O,O,O,O,O,O
request+date,what,date,in,
,O,O,O,O
request+date,what,date,in,mind
,O,O,O,O
request+date,what,day,would,you,like,to,go
,O,O,O,O,O,O,O
request+date,what,day,would,you,like,to,see,it
,O,O,O,O,O,O,O,O
inform,what,estimated,start,movies,are:
,O,O,O,O,B-date
request,what,estimated,theater,in,
,O,O,O,O,B-city
request,what,location,are,you,interested,in,stony,brook
,O,O,O,O,O,O,O,B-city
request+moviename,what,movie,are,interested,in,theaters
,O,O,O,O,O,O
request+moviename,what,movies,are,be,right,now
,O,O,O,O,O,O
request+moviename,what,movies,are,coming,out,now
,O,O,O,O,O,O
confirm_question,what,movies,are,in,subtitles
,O,O,O,O,B-other
inform,what,movies,are,in,theaters
,O,O,O,O,O
request+moviename,what,movies,are,interested,in,theaters
,O,O,O,O,O,O
request+moviename,what,movies,are,not,in,subtitles
,O,O,O,O,O,B-other
request+city,what,movies,are,out,watch
,O,O,O,O,O
request+moviename,what,movies,are,playing,in,the
,O,O,O,O,O,O
request+moviename,what,movies,are,playing,in,theaters
,O,O,O,O,O,O
request+moviename,what,movies,are,playing,right,now
,O,O,O,O,O,O
request+moviename,what,movies,are,you,are,in,theaters
,O,O,O,O,O,O,O
request+city,what,movies,are,you,located,in
,O,O,O,O,O,O
request+moviename,what,movies,should,i,search,for,now
,O,O,O,O,O,O,O
confirm_question,what,movies,would,be,booked
,O,O,O,O,O
request+moviename,what,movies,would,be,pying
,O,O,O,O,O
request+date,what,movies,would,like,to,go
,O,O,O,O,O,O
confirm_question,what,movies,would,like,to,see,it
,O,O,O,O,O,O,O
request+date,what,movies,would,you,like,to,tickets
,O,O,O,O,O,O,O
request+city+state,what,state,would,you,like,to,go
,O,O,O,O,O,O,O
request+theater,what,theater,are,you,interested,in,purchasing,tickets
,O,O,O,O,O,O,O,O
request+moviename,what,theater,in,movies,for,please
,O,O,O,O,O,O
request+theater,what,theater,should,i,search,for,tickets
,O,O,O,O,O,O,O
request+theater,what,theater,would,you,like,to,see,it
,O,O,O,O,O,O,O,O
request+starttime,what,time,is,playing,playing
,O,O,O,O,O
request+starttime,what,time,should,i,search,for,now
,O,O,O,O,O,O,O
request,when,did,include:,you,please
,O,O,O,O,O
request+theater,where,is,those,theaters
,O,O,O,O
request,where,many,it,in,stony,brook
,O,O,O,O,O,O
closing,wonderful
,O
request,would,be,pying,interest,you
,O,O,O,O,O
request+theater,would,you,like,me,a,a,movie,or,,either,theater,in,,,for
,O,O,O,O,O,O,O,O,B-starttime,O,O,O,O,O,O
confirm_question,would,you,like,me,to,purchase,movie,tickets
,O,O,O,O,O,O,O,O
confirm_question,would,you,like,me,to,search,for
,O,O,O,O,O,O,O
confirm_question,would,you,like,me,to,search,for,tickets
,O,O,O,O,O,O,O,O
confirm_question,would,you,like,me,to,tickets
,O,O,O,O,O,O
multiple_choice,would,you,like,the,movie,or,3d,theater,in,,tn
,O,O,O,O,O,O,B-video_format,O,O,O,O
confirm_question,would,you,like,these,for,tickets
,O,O,O,O,O,O
multiple_choice+theater,would,you,like,to,book,one,of,those
,O,O,O,O,O,O,O,O
confirm_question,would,you,like,to,book,tickets
,O,O,O,O,O,O
confirm_question,would,you,like,to,book,tickets,for,a,movie,please
,O,O,O,O,O,O,O,O,O,O
confirm_question,would,you,like,to,book,tickets,please
,O,O,O,O,O,O,O
confirm_question,would,you,like,to,buy,some,movie,tickets
,O,O,O,O,O,O,O,O
confirm_question,would,you,like,to,buy,tickets
,O,O,O,O,O,O
multiple_choice,would,you,like,to,purchase,,Matinee,showing,or,the,
,O,O,O,O,O,O,O,O,O,O,I-starttime
request,would,you,like,to,purchase,2pm,showing,or,the,
,O,O,O,O,O,B-starttime,O,O,O,B-starttime
request,would,you,like,to,purchase,7pm,showing,or,the,
,O,O,O,O,O,B-starttime,O,O,B-moviename,B-starttime
multiple_choice,would,you,like,to,purchase,9:30,pm,showing,or,the,
,O,O,O,O,O,B-starttime,I-starttime,O,O,B-moviename,I-starttime
multiple_choice,would,you,like,to,purchase,a,movie,or,3d,at,
,O,O,O,O,O,O,O,O,B-video_format,O,B-starttime
multiple_choice,would,you,like,to,purchase,around,2pm,showing,or,the,
,O,O,O,O,O,O,B-starttime,O,O,B-moviename,I-starttime
multiple_choice,would,you,like,to,purchase,around,5pm,showing,or,the,
,O,O,O,O,O,O,I-starttime,O,O,B-moviename,I-starttime
multiple_choice,would,you,like,to,purchase,around,noon,showing,or,the,
,O,O,O,O,O,O,I-starttime,O,O,B-moviename,I-date
request,would,you,like,to,purchase,evening,around,7,showing,or,the,
,O,O,O,O,O,B-starttime,B-starttime,I-starttime,O,O,B-moviename,I-starttime
confirm_question+ticket,would,you,like,to,purchase,movie,tickets
,O,O,O,O,O,O,O
request,would,you,like,to,purchase,night,showing,or,the,
,O,O,O,O,O,B-starttime,O,O,O,B-moviename
confirm_question+ticket,would,you,like,to,purchase,tickets
,O,O,O,O,O,O
confirm_question,would,you,like,to,purchase,tickets,for,you
,O,O,O,O,O,O,O,O
request+ticket,would,you,like,to,purchase,tickets,tickets
,O,O,O,O,O,O,O
request+moviename,would,you,like,to,try,a,different,movie
,O,O,O,O,O,O,O,O
request+theater,would,you,like,to,try,a,different,theater
,O,O,O,O,O,O,O,O
confirm_answer,yes
,O
confirm_answer,yes,,and,
,O,O,O,O
confirm_answer,yes,,movie
,O,O,O
inform,yes,for,2
,O,O,B-numberofpeople
inform,yes,for,4
,O,O,B-numberofpeople
inform,yes,for,5
,O,O,B-numberofpeople
confirm_answer,yes,for,two
,O,O,B-numberofpeople
confirm_answer,yes,for,you
,O,O,O
confirm_answer,yes,it,is,available,right,now
,O,O,O,O,O,O
confirm_answer,yes,please
,O,O
confirm_answer,yes,which
,O,O
request+starttime,yes,which,which,showing
,O,O,O,O
request+moviename,you,again,in,I,do,not,care
,O,O,O,O,O,O,O
request+moviename,you,again,soon,for,I,do,not,care
,O,O,O,O,O,O,O,O
request,you,could,a,theater,in,mind
,O,O,O,O,O,O
not_sure,you,don't,
,O,O,O
request+moviename,you,don't,rated,
,O,O,O,O
not_sure,you,don't,understand
,O,O,O
request+theater,you,is,a,showing,of,,Young,Messiah
,O,O,O,O,O,O,O,O
request,you,is,a,showing,of,10,cloverfield,lane
,O,O,O,O,O,B-moviename,I-moviename,I-moviename
request,you,is,a,showing,of,deadpool
,O,O,O,O,O,B-moviename
request,you,is,a,showing,of,star,wars
,O,O,O,O,O,O,O
request,you,is,a,showing,of,zootopia
,O,O,O,O,O,B-moviename
request,you,what,in,,area
,O,O,O,O,O
request+city,you,which,theater,in,mind
,O,O,O,O,O
request+genre,you,which,type,of,those
,O,O,O,O,O
inform,zootopia
,B-moviename
confirm_answer,zootopia,sounds,great
,B-moviename,O,O
